,Unnamed: 0,l,avg_pos_degree_of_bal,avg_neg_degree_of_bal,avg_rel_signed_clust_coeff,avg_pos_to_neg_ratio,avg_neg_to_pos_ratio,avg_total,avg_pos,avg_neg,zeros_total,zeros_pos,zeros_neg,std_pos_degree_of_bal,std_neg_degree_of_bal,std_rel_signed_clust_coeff,std_pos_to_neg_ratio,std_neg_to_pos_ratio,std_total,std_pos,std_neg,avg_pos_degree_of_bal_graph,avg_neg_degree_of_bal_graph,run,kind,directed,prob_p,neg_edge_prob,n_nodes,n_edges,n_pos_edges,n_neg_edges,alg,n_samples,max_length,exact,parallel,full_matrix_mem,clean_matrix_mem,alg_run_time,alg_peak_mem,alg_only_mem,init_mem,seed,script_run_time,exp_date
0,0,0,,,,,,0.0,0.0,0.0,True,True,True,,,,,,0.0,0.0,0.0,0.5009671179878932,0.4990328820121069,0.0,er,False,0.5,0.5,10.0,21.0,8.0,13.0,cx,20.0,10.0,False,False,100.0,100.0,22.771064043045044,67663.0,38000.0,29663.0,130250193.0,22.82156801223755,2024-11-10 23:12:56.997833
1,1,1,,,,,,0.0,0.0,0.0,True,True,True,,,,,,0.0,0.0,0.0,,,,,,,,,,,,,,,,,,,,,,,,,
2,2,2,,,,,,0.0,0.0,0.0,True,True,True,,,,,,0.0,0.0,0.0,,,,,,,,,,,,,,,,,,,,,,,,,
3,3,3,0.3000000000000001,0.6999999999999995,-0.3999999999999995,0.428571428571429,2.33333333333333,9.999999999999996,3.000000000000001,6.999999999999997,False,False,False,1.2098374922832816e-16,2.7194799110210365e-16,1.5798750608595155e-16,1.9068706655153886e-16,1.2481988174211264e-15,1.3759600911837629e-15,1.031970068387822e-15,3.011959563148489e-15,,,,,,,,,,,,,,,,,,,,,,,,,
4,4,4,0.7894736842105258,0.2105263157894741,0.5789473684210519,3.749999999999992,0.2666666666666673,18.99999999999998,14.999999999999972,4.000000000000002,False,False,False,4.523392502223303e-16,4.3661029064309583e-16,8.588994154719671e-16,9.791638385290723e-15,6.899926682599784e-16,1.7549111014472585e-14,1.853720071408498e-14,7.171731382337878e-15,,,,,,,,,,,,,,,,,,,,,,,,,
5,5,5,0.2291666666666652,0.7708333333333348,-0.5416666666666696,0.2972972972972947,3.363636363636392,48.00000000000032,11.000000000000004,37.00000000000032,False,False,False,2.688983887272228e-15,2.6944360297401985e-15,5.3758759772048505e-15,4.527290885921863e-15,5.1213807137191014e-14,2.37676279587414e-13,1.503814852777191e-13,2.0036801211079557e-13,,,,,,,,,,,,,,,,,,,,,,,,,
6,6,6,0.7045454545454529,0.2954545454545472,0.4090909090909058,2.384615384615366,0.4193548387096807,87.9999999999939,61.999999999995566,25.999999999998344,False,False,False,1.2286663206943092e-14,1.228319541569332e-14,2.4587924873357508e-14,1.407036585095854e-13,2.4750579155739796e-14,2.0781206841591387e-12,2.0532257027354557e-12,1.0801873892992468e-12,,,,,,,,,,,,,,,,,,,,,,,,,
7,7,7,0.348214285714259,0.6517857142857411,-0.303571428571482,0.5342465753424028,1.871794871795092,112.00000000003548,39.00000000000936,73.0000000000261,False,False,False,4.5259462378334424e-14,4.524724118319489e-14,9.05256096001597e-14,1.0653429064098629e-13,3.73262961241234e-13,1.3612386279171119e-11,7.732052462462582e-12,9.092386482995998e-12,,,,,,,,,,,,,,,,,,,,,,,,,
8,8,8,0.7565217391304125,0.2434782608695874,0.5130434782608251,3.1071428571424824,0.3218390804598088,114.99999999985783,86.9999999998899,27.999999999967947,False,False,False,2.8513815059305293e-13,2.851344096580192e-13,5.702634720524447e-13,4.809827197657606e-12,4.98205464452163e-13,8.641300587347732e-11,6.955856484069105e-11,4.101453801664757e-11,,,,,,,,,,,,,,,,,,,,,,,,,
9,9,9,0.155555555556322,0.8444444444436779,-0.6888888888873559,0.1842105263168643,5.428571428539754,90.00000000036266,14.000000000125391,76.00000000023726,False,False,False,1.6148355313961226e-12,1.6148172118055205e-12,3.2296626440478584e-12,2.2645675606075458e-12,6.673554116558443e-11,3.8445013555853663e-10,1.9284377273192284e-10,2.42312246874438e-10,,,,,,,,,,,,,,,,,,,,,,,,,
10,10,10,0.7999999999990121,0.2000000000009879,0.599999999998024,3.9999999999753,0.2500000000015437,34.99999999960034,27.999999999645684,6.999999999954648,False,False,False,9.97735914910955e-12,9.977352181045362e-12,1.9954695991718035e-11,2.4943374779744234e-10,1.55896106829183e-11,9.31185126340734e-10,5.36439247890332e-10,5.038963476653666e-10,,,,,,,,,,,,,,,,,,,,,,,,,
0,0,0,,,,,,0.0,0.0,0.0,True,True,True,,,,,,0.0,0.0,0.0,0.4983805668015835,0.5016194331984165,1.0,er,False,0.5,0.5,10.0,25.0,9.0,16.0,cx,20.0,10.0,False,False,100.0,100.0,24.967023134231567,68851.0,38024.0,30827.0,4259459283.0,25.01008105278015,2024-11-10 23:12:37.221681
1,1,1,,,,,,0.0,0.0,0.0,True,True,True,,,,,,0.0,0.0,0.0,,,,,,,,,,,,,,,,,,,,,,,,,
2,2,2,,,,,,0.0,0.0,0.0,True,True,True,,,,,,0.0,0.0,0.0,,,,,,,,,,,,,,,,,,,,,,,,,
3,3,3,0.4210526315789476,0.5789473684210525,-0.1578947368421049,0.7272727272727281,1.3749999999999996,19.0,8.0,10.999999999999996,False,False,False,9.288792252416251e-17,1.1905815549843722e-16,6.655553224256149e-17,2.9582808634907533e-16,5.999314860941094e-16,3.1776437161565094e-15,1.3322676295501878e-15,3.7890986362223954e-15,,,,,,,,,,,,,,,,,,,,,,,,,
4,4,4,0.4418604651162788,0.5581395348837213,-0.1162790697674424,0.7916666666666656,1.2631578947368438,42.99999999999999,18.99999999999998,24.0,False,False,False,4.1485069582976886e-16,4.183640918457415e-16,8.246606105923677e-16,1.3338857221751434e-15,2.117006381139857e-15,2.440794451859697e-14,2.5234272779186663e-14,1.5587468005037626e-14,,,,,,,,,,,,,,,,,,,,,,,,,
5,5,5,0.5185185185185174,0.4814814814814827,0.0370370370370346,1.0769230769230718,0.9285714285714328,107.99999999999982,55.99999999999977,52.00000000000004,False,False,False,1.0310738718936457e-15,1.0268062566791012e-15,2.052458663982834e-15,4.406900204271681e-15,3.82978669887384e-15,6.052889989818927e-13,3.2366372033092257e-13,3.2084368208338535e-13,,,,,,,,,,,,,,,,,,,,,,,,,
6,6,6,0.4801587301587246,0.5198412698412753,-0.0396825396825506,0.9236641221373846,1.0826446280991973,251.99999999999804,120.99999999999768,131.00000000000034,False,False,False,7.837979947897691e-15,7.819352072446172e-15,1.5652409520001685e-14,2.8983222096425814e-14,3.397808500699524e-14,7.1343076495955175e-12,5.120341733722803e-12,2.4864041760247964e-12,,,,,,,,,,,,,,,,,,,,,,,,,
7,7,7,0.5127118644067667,0.4872881355932333,0.0254237288135335,1.052173913043424,0.950413223140545,472.0000000000049,241.9999999999964,230.0000000000085,False,False,False,1.723624374375531e-14,1.7241405230462088e-14,3.44759223978393e-14,7.26249656940773e-14,6.558149053902908e-14,5.1963379561193836e-11,2.6676293068759822e-11,2.7723459636766436e-11,,,,,,,,,,,,,,,,,,,,,,,,,
8,8,8,0.5165165165164709,0.483483483483529,0.0330330330329421,1.068322981366265,0.9360465116280776,666.0000000000134,343.99999999997664,322.0000000000367,False,False,False,3.9267726748071854e-14,3.927270167213296e-14,7.853856884439148e-14,1.6798858656561704e-13,1.4718291163741084e-13,2.5390535161584555e-10,1.344125767452917e-10,1.2482835166239544e-10,,,,,,,,,,,,,,,,,,,,,,,,,
9,9,9,0.4761146496814551,0.5238853503185449,-0.0477707006370897,0.9088145896653854,1.1003344481608592,627.9999999997256,298.9999999998231,328.99999999990234,False,False,False,1.8738980194214665e-13,1.8737437946292614e-13,3.7475583792445844e-13,6.827498380297073e-13,8.266230255945944e-13,1.1338008218021063e-09,6.132992078907353e-10,5.372770706188837e-10,,,,,,,,,,,,,,,,,,,,,,,,,
10,10,10,0.5035460992907189,0.4964539007092811,0.0070921985814378,1.0142857142854662,0.985915492957988,282.00000000115097,142.00000000056235,140.0000000005887,False,False,False,3.836595266128122e-13,3.836356341879786e-13,7.672863786662819e-13,1.556567177828241e-12,1.513026118327903e-12,3.359713265127172e-09,1.666241216078625e-09,1.6999403476667906e-09,,,,,,,,,,,,,,,,,,,,,,,,,
0,0,0,,,,,,0.0,0.0,0.0,True,True,True,,,,,,0.0,0.0,0.0,0.4965211891207848,0.5034788108792152,2.0,er,False,0.5,0.5,10.0,26.0,14.0,12.0,cx,20.0,10.0,False,False,100.0,100.0,27.299962759017944,69230.0,38016.0,31214.0,1535995910.0,27.36707711219788,2024-11-10 23:12:15.855157
1,1,1,,,,,,0.0,0.0,0.0,True,True,True,,,,,,0.0,0.0,0.0,,,,,,,,,,,,,,,,,,,,,,,,,
2,2,2,,,,,,0.0,0.0,0.0,True,True,True,,,,,,0.0,0.0,0.0,,,,,,,,,,,,,,,,,,,,,,,,,
3,3,3,0.6363636363636366,0.3636363636363635,0.2727272727272726,1.75,0.5714285714285713,22.0,13.999999999999996,7.999999999999998,False,False,False,2.1784148785229479e-16,1.2839766479167266e-16,1.442222014787673e-16,4.002966042486721e-16,1.3136335981433191e-16,3.1776437161565094e-15,1.4321446692197793e-15,1.3173814904902173e-15,,,,,,,,,,,,,,,,,,,,,,,,,
4,4,4,0.4925373134328358,0.5074626865671643,-0.0149253731343284,0.9705882352941172,1.0303030303030305,66.99999999999997,32.999999999999986,33.99999999999999,False,False,False,1.8285005833896362e-16,1.9389211565826715e-16,3.7407955288075983e-16,7.631521572941402e-16,7.627482662061554e-16,3.2561158711216654e-14,2.2581401398825143e-14,1.8664430764038823e-14,,,,,,,,,,,,,,,,,,,,,,,,,
5,5,5,0.4311377245508982,0.5688622754491018,-0.1377245508982036,0.7578947368421052,1.3194444444444444,166.99999999999997,72.0,95.0,False,False,False,1.334751750609816e-15,1.3444704565754073e-15,2.684862408327326e-15,4.137498995876393e-15,7.191640501203643e-15,7.31603729800928e-13,5.221788185312853e-13,2.4687653721263095e-13,,,,,,,,,,,,,,,,,,,,,,,,,
6,6,6,0.4789915966386521,0.5210084033613479,-0.0420168067226958,0.9193548387096648,1.0877192982456283,356.999999999998,170.9999999999978,186.00000000000017,False,False,False,6.5698801827753706e-15,6.547963255389145e-15,1.3134288217445387e-14,2.4186699739761123e-14,2.8605343827039125e-14,1.0838536070397524e-11,7.0675768284706825e-12,4.281851030910633e-12,,,,,,,,,,,,,,,,,,,,,,,,,
7,7,7,0.4976303317535521,0.5023696682464479,-0.0047393364928958,0.9905660377358396,1.0095238095238193,632.9999999999801,314.9999999999885,317.9999999999915,False,False,False,1.7364319340503426e-14,1.7362855226271095e-14,3.4734420273490314e-14,6.87682483620535e-14,7.00870174725319e-14,8.532675460319882e-11,4.723392936435365e-11,4.059391877745213e-11,,,,,,,,,,,,,,,,,,,,,,,,,
8,8,8,0.4994192799070748,0.5005807200929252,-0.0011614401858502,0.9976798143851114,1.0023255813953889,861.0000000002638,430.0000000001231,431.00000000014063,False,False,False,9.188806823463857e-14,9.189748276941884e-14,1.8379565662647585e-13,3.6673522451811785e-13,3.6845716370764457e-13,5.244766470132968e-10,2.8244735317460145e-10,2.6508673573390317e-10,,,,,,,,,,,,,,,,,,,,,,,,,
9,9,9,0.5026455026454715,0.4973544973545284,0.005291005290943,1.0106382978722146,0.9894736842106496,755.9999999986248,379.9999999992853,375.99999999933954,False,False,False,2.57973823906344e-13,2.57973659065795e-13,5.159330071432512e-13,1.0428916499680725e-12,1.021053528668213e-12,2.7083009890733674e-09,1.3298136621656783e-09,1.4049638524544935e-09,,,,,,,,,,,,,,,,,,,,,,,,,
10,10,10,0.5183946488292424,0.4816053511707576,0.0367892976584848,1.0763888888880744,0.9290322580652196,299.0000000009356,155.00000000042846,144.00000000050707,False,False,False,1.5521636879961816e-12,1.5521684744622732e-12,3.1043211338726657e-12,6.692017752247337e-12,5.775864724399532e-12,1.2437387861859884e-08,6.1653005660962895e-09,6.2929303898506476e-09,,,,,,,,,,,,,,,,,,,,,,,,,
