,Unnamed: 0,l,pos_degree_of_bal,neg_degree_of_bal,rel_signed_clust_coeff,pos_to_neg_ratio,neg_to_pos_ratio,total_est,pos_est,neg_est,total_zeros,pos_zeros,neg_zeros,total_occurred,pos_occurred,neg_occurred,pos_degree_of_bal_graph,neg_degree_of_bal_graph,run,kind,directed,neg_edge_prob,n_nodes,n_edges,n_pos_edges,n_neg_edges,alg,n_samples,pyr_spec_edge_prob,alg_run_time,alg_peak_mem,alg_only_mem,init_mem,seed,script_run_time,exp_date
0,0,0,,,,,,0.0,0.0,0.0,True,True,True,0,0,0,0.405058200155494,0.5949417998445055,0.0,random,False,0.5,20.0,50.0,25.0,25.0,pyr,1000.0,1.0,1.736360788345337,53570.0,13428.0,40142.0,130250193.0,1.8045201301574707,2024-11-10 23:13:28.562946
1,1,1,,,,,,0.0,0.0,0.0,True,True,True,0,0,0,,,,,,,,,,,,,,,,,,,,
2,2,2,,,,,,0.0,0.0,0.0,True,True,True,0,0,0,,,,,,,,,,,,,,,,,,,,
3,3,3,0.580264568666352,0.4197354313336475,0.1605291373327044,1.3824531486957077,0.7233518191509508,52.37052558918355,30.388760441837743,21.981765147345783,False,False,False,4666,2759,1907,,,,,,,,,,,,,,,,,,,,
4,4,4,0.5162890320234059,0.4837109679765942,0.0325780640468117,1.0673502694865256,0.9368995620163884,160.94738788936206,83.09537110009438,77.8520167892677,False,False,False,4789,2643,2146,,,,,,,,,,,,,,,,,,,,
5,5,5,0.5243822229705997,0.4756177770294001,0.0487644459411995,1.1025286444206754,0.9070059132345272,515.6285936351244,270.3864681575905,245.24212547753376,False,False,False,5255,2658,2597,,,,,,,,,,,,,,,,,,,,
6,6,6,0.5405096197275511,0.4594903802724494,0.0810192394551016,1.1763241254519023,0.8501058325364492,1614.8934437255443,872.8654411686094,742.0280025569358,False,False,False,4912,2695,2217,,,,,,,,,,,,,,,,,,,,
7,7,7,0.5197709327772537,0.4802290672227458,0.0395418655545079,1.082339592193338,0.9239244385151998,4634.454386325645,2408.854679294116,2225.5997070315275,False,False,False,4125,2120,2005,,,,,,,,,,,,,,,,,,,,
8,8,8,0.5214050985591709,0.4785949014408289,0.042810197118342,1.0894497559197984,0.9178945560052212,12129.155023902216,6324.203270677199,5804.951753225016,False,False,False,3070,1581,1489,,,,,,,,,,,,,,,,,,,,
9,9,9,0.5040754794126592,0.4959245205873405,0.0081509588253185,1.0164358858797002,0.9838298842966614,27333.974980367115,13778.386542482183,13555.588437884922,False,False,False,1951,951,1000,,,,,,,,,,,,,,,,,,,,
10,10,10,0.4771542498439238,0.5228457501560762,-0.0456915003121523,0.912609980479878,1.0957583429825846,57347.96164145976,27363.823617108854,29984.138024350912,False,False,False,1160,554,606,,,,,,,,,,,,,,,,,,,,
11,11,11,0.5224851876821583,0.4775148123178424,0.0449703753643158,1.0941758751860096,0.913929855956658,106181.3569398379,55478.18620905745,50703.17073078053,False,False,False,605,323,282,,,,,,,,,,,,,,,,,,,,
12,12,12,0.5553629801625686,0.4446370198374322,0.1107259603251362,1.249025509314586,0.8006241606296407,187858.4863882454,104329.64884940528,83528.83753884026,False,False,False,314,167,147,,,,,,,,,,,,,,,,,,,,
13,13,13,0.3914715350440639,0.6085284649559355,-0.2170569299118715,0.6433085017188325,1.5544641448513996,207360.5307663611,81175.74528665922,126184.78547970176,False,False,False,107,47,60,,,,,,,,,,,,,,,,,,,,
14,14,14,0.3750153719334375,0.6249846280665609,-0.2499692561331233,0.6000393531174952,1.6665573596206904,227975.8186733482,85494.43643161558,142481.38224173224,False,False,False,35,13,22,,,,,,,,,,,,,,,,,,,,
15,15,15,0.4027298112052225,0.5972701887947759,-0.1945403775895533,0.6742841326433621,1.4830543261929514,338759.6689819267,136428.61753303502,202331.05144889117,False,False,False,10,4,6,,,,,,,,,,,,,,,,,,,,
16,16,16,,,,,,0.0,0.0,0.0,True,True,True,0,0,0,,,,,,,,,,,,,,,,,,,,
17,17,17,0.0,1.0,-1.0,0.0,,97123.5908364458,0.0,97123.5908364458,False,True,False,1,0,1,,,,,,,,,,,,,,,,,,,,
18,18,18,,,,,,0.0,0.0,0.0,True,True,True,0,0,0,,,,,,,,,,,,,,,,,,,,
19,19,19,,,,,,0.0,0.0,0.0,True,True,True,0,0,0,,,,,,,,,,,,,,,,,,,,
20,20,20,,,,,,0.0,0.0,0.0,True,True,True,0,0,0,,,,,,,,,,,,,,,,,,,,
0,0,0,,,,,,0.0,0.0,0.0,True,True,True,0,0,0,0.4454066929981886,0.5545933070018102,1.0,random,False,0.5,20.0,50.0,31.0,19.0,pyr,1000.0,1.0,1.8189730644226076,53902.0,13428.0,40474.0,4259459283.0,1.883937120437622,2024-11-10 23:13:23.750283
1,1,1,,,,,,0.0,0.0,0.0,True,True,True,0,0,0,,,,,,,,,,,,,,,,,,,,
2,2,2,,,,,,0.0,0.0,0.0,True,True,True,0,0,0,,,,,,,,,,,,,,,,,,,,
3,3,3,0.5515709388929543,0.4484290611070461,0.1031418777859082,1.2300071220435171,0.8130034225644267,61.88018192759061,34.13131004466798,27.74887188292266,False,False,False,5302,2899,2403,,,,,,,,,,,,,,,,,,,,
4,4,4,0.5271275262020342,0.4728724737979655,0.0542550524040686,1.1147350615871312,0.8970741429593375,185.57239242940145,97.82031615270348,87.7520762766979,False,False,False,5753,3139,2614,,,,,,,,,,,,,,,,,,,,
5,5,5,0.5098444487083049,0.490155551291695,0.0196888974166098,1.0401686716894754,0.9613825403679654,527.4893853474248,268.9375348719404,258.55185047548434,False,False,False,4953,2667,2286,,,,,,,,,,,,,,,,,,,,
6,6,6,0.4960815585664889,0.5039184414335108,-0.0078368828670219,0.9844481125859808,1.015797569435292,1708.89971739946,847.7536352413565,861.146082158103,False,False,False,4625,2324,2301,,,,,,,,,,,,,,,,,,,,
7,7,7,0.4949984960566014,0.505001503943399,-0.0100030078867976,0.9801921225804532,1.0202081581388358,4844.798941502999,2398.168189740599,2446.6307517624023,False,False,False,3605,1776,1829,,,,,,,,,,,,,,,,,,,,
8,8,8,0.4655246648406605,0.5344753351593388,-0.0689506703186782,0.8709937282734992,1.1481138928316046,13344.165822105524,6212.038321913871,7132.127500191643,False,False,False,2693,1263,1430,,,,,,,,,,,,,,,,,,,,
9,9,9,0.5021820360542361,0.4978179639457635,0.0043640721084725,1.0087664014248952,0.9913097805274714,33071.479190823935,16607.902755373263,16463.576435450657,False,False,False,1880,930,950,,,,,,,,,,,,,,,,,,,,
10,10,10,0.4952369206991779,0.5047630793008214,-0.0095261586016435,0.9811274655530694,1.0192355581813135,74023.64955333817,36659.24426371027,37364.40528962785,False,False,False,1114,544,570,,,,,,,,,,,,,,,,,,,,
11,11,11,0.5259966653525431,0.4740033346474563,0.0519933307050867,1.1096897994267427,0.9011527370230784,147110.10839640786,77379.42645616169,69730.6819402461,False,False,False,630,325,305,,,,,,,,,,,,,,,,,,,,
12,12,12,0.4603309359704813,0.539669064029517,-0.0793381280590357,0.8529874448117405,1.172350198215058,233202.17257895813,107350.17437362151,125851.99820533623,False,False,False,285,131,154,,,,,,,,,,,,,,,,,,,,
13,13,13,0.4672210212689061,0.5327789787310926,-0.0655579574621864,0.876950930724924,1.140314657256089,375106.6958134349,175257.73350275797,199848.96231067643,False,False,False,116,59,57,,,,,,,,,,,,,,,,,,,,
14,14,14,0.4187402536874574,0.5812597463125416,-0.1625194926250842,0.7204012600974127,1.3881152843413682,478273.0560215847,200272.1808103539,278000.8752112303,False,False,False,35,18,17,,,,,,,,,,,,,,,,,,,,
15,15,15,0.666294218887707,0.3337057811122921,0.3325884377754148,1.9966517111775737,0.5008384759354078,104701.69664252985,69762.13518065208,34939.56146187768,False,False,False,5,3,2,,,,,,,,,,,,,,,,,,,,
16,16,16,0.3930971463587948,0.606902853641204,-0.2138057072824091,0.6477101631675481,1.5439004308804127,766770.7097532453,301415.37791550846,465355.331837736,False,False,False,4,2,2,,,,,,,,,,,,,,,,,,,,
17,17,17,,,,,,0.0,0.0,0.0,True,True,True,0,0,0,,,,,,,,,,,,,,,,,,,,
18,18,18,,,,,,0.0,0.0,0.0,True,True,True,0,0,0,,,,,,,,,,,,,,,,,,,,
19,19,19,,,,,,0.0,0.0,0.0,True,True,True,0,0,0,,,,,,,,,,,,,,,,,,,,
20,20,20,,,,,,0.0,0.0,0.0,True,True,True,0,0,0,,,,,,,,,,,,,,,,,,,,
0,0,0,,,,,,0.0,0.0,0.0,True,True,True,0,0,0,0.5268407109284937,0.4731592890715069,2.0,random,False,0.5,20.0,50.0,21.0,29.0,pyr,1000.0,1.0,1.7355520725250244,53825.0,13479.0,40346.0,1535995910.0,1.803606986999512,2024-11-10 23:13:21.712745
1,1,1,,,,,,0.0,0.0,0.0,True,True,True,0,0,0,,,,,,,,,,,,,,,,,,,,
2,2,2,,,,,,0.0,0.0,0.0,True,True,True,0,0,0,,,,,,,,,,,,,,,,,,,,
3,3,3,0.432306365492228,0.5676936345077724,-0.1353872690155443,0.7615134981512801,1.3131743592565222,57.58802009272135,24.895667662177768,32.69235243054361,False,False,False,5563,2174,3389,,,,,,,,,,,,,,,,,,,,
4,4,4,0.4559378605801961,0.544062139419804,-0.0881242788396079,0.838025342227296,1.193281336030017,202.1755106976171,92.17946980918008,109.99604088843704,False,False,False,6192,2821,3371,,,,,,,,,,,,,,,,,,,,
5,5,5,0.4820982055636357,0.5179017944363639,-0.0358035888727282,0.9308679961001226,1.0742661732807512,523.914293890765,252.57814095387704,271.3361529368877,False,False,False,5130,2500,2630,,,,,,,,,,,,,,,,,,,,
6,6,6,0.5015454559087524,0.4984545440912475,0.0030909118175048,1.0062009903493607,0.9938372249591926,1642.3512483408094,823.7138056114,818.6374427294095,False,False,False,4596,2291,2305,,,,,,,,,,,,,,,,,,,,
7,7,7,0.506869822478401,0.4931301775215984,0.0137396449568026,1.0278621053488477,0.9728931486005205,4242.496187032609,2150.3932891865115,2092.1028978460945,False,False,False,3533,1778,1755,,,,,,,,,,,,,,,,,,,,
8,8,8,0.5000358424156601,0.4999641575843405,7.168483131967427e-05,1.0001433799408062,0.999856640614054,10253.741794709322,5127.238416230139,5126.503378479189,False,False,False,2473,1231,1242,,,,,,,,,,,,,,,,,,,,
9,9,9,0.5143658787930497,0.4856341212069509,0.0287317575860989,1.0591633831549805,0.9441414005658434,22707.77336541156,11680.103802533326,11027.669562878247,False,False,False,1621,827,794,,,,,,,,,,,,,,,,,,,,
10,10,10,0.4930647814114207,0.5069352185885789,-0.0138704371771582,0.9726386396751509,1.0281310645174322,49607.69869908157,24459.809115386277,25147.88958369528,False,False,False,987,495,492,,,,,,,,,,,,,,,,,,,,
11,11,11,0.4732318957999318,0.5267681042000664,-0.0535362084001345,0.89836854590611,1.1131289096852592,88669.02063135926,41961.00873210141,46708.01189925769,False,False,False,527,261,266,,,,,,,,,,,,,,,,,,,,
12,12,12,0.4815858698429147,0.5184141301570866,-0.0368282603141719,0.928959767545278,1.0764728839037256,145809.6073080172,70219.84656688527,75589.76074113212,False,False,False,243,131,112,,,,,,,,,,,,,,,,,,,,
13,13,13,0.4844612413895676,0.5155387586104336,-0.031077517220866,0.9397183689842614,1.0641486141011554,177338.30771214052,85913.53670014873,91424.77101199202,False,False,False,99,42,57,,,,,,,,,,,,,,,,,,,,
14,14,14,0.6045683993692976,0.395431600630703,0.2091367987385946,1.5288823614628342,0.6540725599340425,240131.355111996,145175.82899843983,94955.52611355632,False,False,False,31,21,10,,,,,,,,,,,,,,,,,,,,
15,15,15,0.5522341850886601,0.4477658149113406,0.1044683701773194,1.2333102856411773,0.8108259629733947,102618.57799850967,56669.4867959641,45949.091202545664,False,False,False,5,2,3,,,,,,,,,,,,,,,,,,,,
16,16,16,,,,,,0.0,0.0,0.0,True,True,True,0,0,0,,,,,,,,,,,,,,,,,,,,
17,17,17,,,,,,0.0,0.0,0.0,True,True,True,0,0,0,,,,,,,,,,,,,,,,,,,,
18,18,18,,,,,,0.0,0.0,0.0,True,True,True,0,0,0,,,,,,,,,,,,,,,,,,,,
19,19,19,,,,,,0.0,0.0,0.0,True,True,True,0,0,0,,,,,,,,,,,,,,,,,,,,
20,20,20,,,,,,0.0,0.0,0.0,True,True,True,0,0,0,,,,,,,,,,,,,,,,,,,,
0,0,0,,,,,,0.0,0.0,0.0,True,True,True,0,0,0,0.5325338916301147,0.4674661083698856,3.0,random,False,0.5,20.0,50.0,16.0,34.0,pyr,1000.0,1.0,1.8212599754333496,53672.0,13326.0,40346.0,1779285243.0,1.8959438800811768,2024-11-10 23:13:19.759246
1,1,1,,,,,,0.0,0.0,0.0,True,True,True,0,0,0,,,,,,,,,,,,,,,,,,,,
2,2,2,,,,,,0.0,0.0,0.0,True,True,True,0,0,0,,,,,,,,,,,,,,,,,,,,
3,3,3,0.5554001353473436,0.4445998646526562,0.1108002706946873,1.249213460245315,0.8005037023885606,40.943220075607776,22.739869971548632,18.203350104059133,False,False,False,3933,2205,1728,,,,,,,,,,,,,,,,,,,,
4,4,4,0.4195969857212574,0.580403014278743,-0.1608060285574856,0.7229407418613831,1.3832392367668502,124.7511004215945,52.345185702310935,72.40591471928361,False,False,False,4826,1989,2837,,,,,,,,,,,,,,,,,,,,
5,5,5,0.5379996046236665,0.4620003953763339,0.0759992092473325,1.1645003121381,0.85873742546615,404.3941703183175,217.56390374337045,186.8302665749472,False,False,False,5065,2654,2411,,,,,,,,,,,,,,,,,,,,
6,6,6,0.5204872266600908,0.4795127733399096,0.0409744533201812,1.085450181096919,0.9212767360630352,1224.5814779399334,637.3790172722711,587.2024606676628,False,False,False,4799,2509,2290,,,,,,,,,,,,,,,,,,,,
7,7,7,0.4571995915650325,0.5428004084349671,-0.0856008168699346,0.84229780313404,1.1872285506137832,3268.900901371793,1494.5401569737503,1774.3607443980416,False,False,False,3849,1785,2064,,,,,,,,,,,,,,,,,,,,
8,8,8,0.4838143402090589,0.5161856597909421,-0.0323713195818832,0.9372874488706374,1.066908557460069,9379.833550652842,4538.097980579899,4841.735570072952,False,False,False,3143,1519,1624,,,,,,,,,,,,,,,,,,,,
9,9,9,0.4881530061669934,0.5118469938330064,-0.0236939876660129,0.9537088466836962,1.0485380349330624,23354.16041626909,11400.403613707958,11953.756802561124,False,False,False,2220,1105,1115,,,,,,,,,,,,,,,,,,,,
10,10,10,0.5144608485431311,0.4855391514568697,0.0289216970862613,1.0595661482693646,0.943782511014856,55144.81767667952,28369.8496947008,26774.967981978763,False,False,False,1456,752,704,,,,,,,,,,,,,,,,,,,,
11,11,11,0.4951542041080132,0.5048457958919883,-0.009691591783975,0.9808028672065072,1.019572875891125,124860.13288665442,61825.01972431214,63035.11316234247,False,False,False,902,442,460,,,,,,,,,,,,,,,,,,,,
12,12,12,0.4945884754083796,0.5054115245916199,-0.0108230491832402,0.9785856699805464,1.021882938485988,225723.3757523868,111640.1802774058,114083.19547498088,False,False,False,439,227,212,,,,,,,,,,,,,,,,,,,,
13,13,13,0.5171821281514352,0.4828178718485655,0.0343642563028695,1.0711743667882447,0.9335548263709388,385216.5514729439,199227.11588993395,185989.43558301017,False,False,False,215,110,105,,,,,,,,,,,,,,,,,,,,
14,14,14,0.5037226230602003,0.4962773769398005,0.0074452461203998,1.0150021872169743,0.9852195518335692,724320.1087758758,364856.4251278338,359463.6836480426,False,False,False,106,53,53,,,,,,,,,,,,,,,,,,,,
15,15,15,0.531955064609379,0.4680449353906206,0.0639101292187584,1.1365469945004754,0.8798580303663649,846719.4833724854,450416.7174834305,396302.7658890546,False,False,False,31,16,15,,,,,,,,,,,,,,,,,,,,
16,16,16,0.6878439173485166,0.3121560826514837,0.3756878346970329,2.203525593689876,0.4538181915670274,1323520.5522699931,910375.5613646643,413144.9909053294,False,False,False,15,8,7,,,,,,,,,,,,,,,,,,,,
17,17,17,0.0,1.0,-1.0,0.0,,304748.9097800055,0.0,304748.9097800055,False,True,False,1,0,1,,,,,,,,,,,,,,,,,,,,
18,18,18,,,,,,0.0,0.0,0.0,True,True,True,0,0,0,,,,,,,,,,,,,,,,,,,,
19,19,19,,,,,,0.0,0.0,0.0,True,True,True,0,0,0,,,,,,,,,,,,,,,,,,,,
20,20,20,,,,,,0.0,0.0,0.0,True,True,True,0,0,0,,,,,,,,,,,,,,,,,,,,
0,0,0,,,,,,0.0,0.0,0.0,True,True,True,0,0,0,0.530382466398618,0.4696175336013822,4.0,random,False,0.5,20.0,50.0,21.0,29.0,pyr,1000.0,1.0,1.904041051864624,53111.0,13377.0,39734.0,347749838.0,1.9692809581756592,2024-11-10 23:13:19.092024
1,1,1,,,,,,0.0,0.0,0.0,True,True,True,0,0,0,,,,,,,,,,,,,,,,,,,,
2,2,2,,,,,,0.0,0.0,0.0,True,True,True,0,0,0,,,,,,,,,,,,,,,,,,,,
3,3,3,0.2905097042174504,0.7094902957825501,-0.4189805915650997,0.4094625478943661,2.442225803415803,40.305438047698,11.709120885591515,28.5963171621065,False,False,False,3385,968,2417,,,,,,,,,,,,,,,,,,,,
4,4,4,0.4594497972747348,0.5405502027252649,-0.08110040545053,0.8499669317638766,1.176516359200905,191.96804239380157,88.19967816105982,103.76836423274166,False,False,False,6668,3061,3607,,,,,,,,,,,,,,,,,,,,
5,5,5,0.4645801818362773,0.5354198181637234,-0.0708396363274459,0.8676932867924133,1.1524809690491933,348.01555909526985,161.6811317263342,186.3344273689359,False,False,False,3933,1786,2147,,,,,,,,,,,,,,,,,,,,
6,6,6,0.5230769575054658,0.476923042494535,0.0461539150109308,1.0967743449121767,0.9117645800514,1580.5885026105436,826.7694250136432,753.8190775969017,False,False,False,5141,2656,2485,,,,,,,,,,,,,,,,,,,,
7,7,7,0.4920220039773061,0.5079779960226946,-0.0159559920453883,0.9685892062838968,1.032429427782511,4082.554827919161,2008.706807780012,2073.848020139152,False,False,False,3795,1896,1899,,,,,,,,,,,,,,,,,,,,
8,8,8,0.4934353571929893,0.5065646428070107,-0.0131292856140213,0.9740817173080448,1.0266079141322788,11823.834017943866,5834.29776203475,5989.536255909117,False,False,False,3182,1594,1588,,,,,,,,,,,,,,,,,,,,
9,9,9,0.4972182788053845,0.5027817211946152,-0.0055634423892306,0.9889346765112864,1.0111891348857838,28154.62427805497,13998.993823946785,14155.630454108175,False,False,False,2125,1036,1089,,,,,,,,,,,,,,,,,,,,
10,10,10,0.519337338329539,0.4806626616704596,0.0386746766590794,1.080461162771979,0.9255307219321502,60722.999667641205,31535.721022778267,29187.278644862858,False,False,False,1338,675,663,,,,,,,,,,,,,,,,,,,,
11,11,11,0.4949144478651132,0.5050855521348855,-0.0101711042697722,0.9798626109442624,1.0205512373171703,119848.77645303622,59314.89102556381,60533.88542747226,False,False,False,784,403,381,,,,,,,,,,,,,,,,,,,,
12,12,12,0.5220312830090466,0.4779687169909526,0.0440625660180939,1.092187133700903,0.9155940123662466,173946.9340069431,90805.74113513446,83141.1928718085,False,False,False,368,184,184,,,,,,,,,,,,,,,,,,,,
13,13,13,0.5433646574201283,0.4566353425798719,0.0867293148402564,1.1899312356118958,0.840384696251605,356031.3389693193,193454.84652989372,162576.4924394256,False,False,False,170,94,76,,,,,,,,,,,,,,,,,,,,
14,14,14,0.610273859022535,0.3897261409774651,0.2205477180450698,1.565904348863841,0.6386086102421014,374337.30701732833,228448.27292956843,145889.03408775997,False,False,False,71,38,33,,,,,,,,,,,,,,,,,,,,
15,15,15,0.5807587618585278,0.4192412381414713,0.1615175237170565,1.385261536849467,0.7218853432358511,554982.5993082365,322311.0072272789,232671.5920809571,False,False,False,27,14,13,,,,,,,,,,,,,,,,,,,,
16,16,16,0.2954426386883868,0.7045573613116144,-0.4091147226232275,0.4193308521230783,2.384751789516524,668771.0771691893,197583.49171734008,471187.5854518501,False,False,False,11,4,7,,,,,,,,,,,,,,,,,,,,
17,17,17,1.0,0.0,1.0,,0.0,218462.19229558544,218462.19229558544,0.0,False,False,True,2,2,0,,,,,,,,,,,,,,,,,,,,
18,18,18,,,,,,0.0,0.0,0.0,True,True,True,0,0,0,,,,,,,,,,,,,,,,,,,,
19,19,19,,,,,,0.0,0.0,0.0,True,True,True,0,0,0,,,,,,,,,,,,,,,,,,,,
20,20,20,,,,,,0.0,0.0,0.0,True,True,True,0,0,0,,,,,,,,,,,,,,,,,,,,
0,0,0,,,,,,0.0,0.0,0.0,True,True,True,0,0,0,0.3489662524076018,0.6510337475923973,5.0,random,False,0.5,20.0,50.0,14.0,36.0,pyr,1000.0,1.0,2.2132089138031006,53723.0,13428.0,40295.0,2843683941.0,2.309412956237793,2024-11-10 23:13:16.482002
1,1,1,,,,,,0.0,0.0,0.0,True,True,True,0,0,0,,,,,,,,,,,,,,,,,,,,
2,2,2,,,,,,0.0,0.0,0.0,True,True,True,0,0,0,,,,,,,,,,,,,,,,,,,,
3,3,3,0.5751736714720321,0.4248263285279677,0.1503473429440644,1.3539030724979335,0.738605311054515,66.00545269965845,37.9645985664361,28.04085413322233,False,False,False,5818,3349,2469,,,,,,,,,,,,,,,,,,,,
4,4,4,0.6282034424976141,0.3717965575023854,0.2564068849952286,1.6896429776480208,0.5918410061941001,187.22534121506573,117.61560387409472,69.60973734097092,False,False,False,6188,4050,2138,,,,,,,,,,,,,,,,,,,,
5,5,5,0.495279233638324,0.504720766361676,-0.0094415327233518,0.9812935520933448,1.0190630498557234,426.9536278897526,211.46126562033885,215.49236226941372,False,False,False,4585,2278,2307,,,,,,,,,,,,,,,,,,,,
6,6,6,0.5037207103630148,0.4962792896369857,0.007441420726029,1.0149944212491162,0.9852270899866986,1199.0209886704165,603.9717041532264,595.0492845171905,False,False,False,4014,1966,2048,,,,,,,,,,,,,,,,,,,,
7,7,7,0.4877063856510333,0.5122936143489663,-0.0245872286979329,0.952005592087696,1.0504139978916038,3422.609295723135,1669.2284091127588,1753.3808866103743,False,False,False,3371,1639,1732,,,,,,,,,,,,,,,,,,,,
8,8,8,0.4967426129034615,0.503257387096539,-0.0065147741930775,0.9870547867550172,1.0131149895818252,9578.767666815049,4758.1820792089,4820.585587606152,False,False,False,2717,1364,1353,,,,,,,,,,,,,,,,,,,,
9,9,9,0.4938542337920145,0.5061457662079852,-0.0122915324159706,0.9757154297504884,1.024888988642643,24279.146083255528,11990.35908607055,12288.786997184972,False,False,False,1889,929,960,,,,,,,,,,,,,,,,,,,,
10,10,10,0.519131961873699,0.4808680381263006,0.0382639237473985,1.0795726076877423,0.9262924910088508,59021.15559149365,30639.76829426494,28381.387297228684,False,False,False,1280,670,610,,,,,,,,,,,,,,,,,,,,
11,11,11,0.4915993791113694,0.5084006208886306,-0.016801241777261,0.9669527512616048,1.0341766944613142,110263.97633405056,54205.70230416999,56058.274029880566,False,False,False,658,335,323,,,,,,,,,,,,,,,,,,,,
12,12,12,0.4582554308199831,0.5417445691800167,-0.0834891383600335,0.8458883704429146,1.1821890865769806,181702.679543554,83266.23969537666,98436.43984817728,False,False,False,291,143,148,,,,,,,,,,,,,,,,,,,,
13,13,13,0.530535535469944,0.4694644645300547,0.0610710709398893,1.1300866744004212,0.8848878786492725,339555.88440317527,180146.462953809,159409.42144936582,False,False,False,144,67,77,,,,,,,,,,,,,,,,,,,,
14,14,14,0.4470848064889798,0.5529151935110188,-0.1058303870220389,0.8085956250360664,1.236712108052027,236234.10643280784,105616.67976060898,130617.42667219858,False,False,False,31,19,12,,,,,,,,,,,,,,,,,,,,
15,15,15,0.3021277342807367,0.6978722657192615,-0.3957445314385249,0.4329269826611449,2.3098583365100787,485281.209766548,146616.91239578204,338664.29737076507,False,False,False,13,5,8,,,,,,,,,,,,,,,,,,,,
16,16,16,,,,,,0.0,0.0,0.0,True,True,True,0,0,0,,,,,,,,,,,,,,,,,,,,
17,17,17,0.0,1.0,-1.0,0.0,,325115.0564335946,0.0,325115.0564335946,False,True,False,1,0,1,,,,,,,,,,,,,,,,,,,,
18,18,18,,,,,,0.0,0.0,0.0,True,True,True,0,0,0,,,,,,,,,,,,,,,,,,,,
19,19,19,,,,,,0.0,0.0,0.0,True,True,True,0,0,0,,,,,,,,,,,,,,,,,,,,
20,20,20,,,,,,0.0,0.0,0.0,True,True,True,0,0,0,,,,,,,,,,,,,,,,,,,,
0,0,0,,,,,,0.0,0.0,0.0,True,True,True,0,0,0,0.4257284919543596,0.57427150804564,6.0,random,False,0.5,20.0,50.0,29.0,21.0,pyr,1000.0,1.0,1.9267289638519287,53595.0,13428.0,40167.0,1121168978.0,2.0224809646606445,2024-11-10 23:13:13.702058
1,1,1,,,,,,0.0,0.0,0.0,True,True,True,0,0,0,,,,,,,,,,,,,,,,,,,,
2,2,2,,,,,,0.0,0.0,0.0,True,True,True,0,0,0,,,,,,,,,,,,,,,,,,,,
3,3,3,0.4531048680868106,0.5468951319131901,-0.0937902638263793,0.8285041165053433,1.206994606397409,65.04116063179775,29.470466508283785,35.570694123514016,False,False,False,5539,2435,3104,,,,,,,,,,,,,,,,,,,,
4,4,4,0.4450013511605162,0.554998648839484,-0.1099972976789677,0.8018061883412242,1.2471841880751744,193.0574655679833,85.91083302937741,107.14663253860594,False,False,False,5376,2414,2962,,,,,,,,,,,,,,,,,,,,
5,5,5,0.5444754009128152,0.455524599087184,0.0889508018256312,1.1952711269685057,0.8366302652488895,592.2389029037615,322.45951409469143,269.7793888090697,False,False,False,5733,3332,2401,,,,,,,,,,,,,,,,,,,,
6,6,6,0.4828844000912001,0.5171155999087999,-0.0342311998175997,0.9338035831376256,1.070889015696375,1524.883881962861,736.3426385503767,788.5412434124846,False,False,False,4342,2056,2286,,,,,,,,,,,,,,,,,,,,
7,7,7,0.4761608794025301,0.5238391205974704,-0.0476782411949402,0.9089830459005042,1.1001305299477042,3929.754707928157,1871.1954575633044,2058.559250364855,False,False,False,3405,1578,1827,,,,,,,,,,,,,,,,,,,,
8,8,8,0.529828415659798,0.470171584340202,0.0596568313195959,1.1268831067349874,0.8874034884570979,9990.86260667345,5293.4429059685135,4697.419700704937,False,False,False,2649,1397,1252,,,,,,,,,,,,,,,,,,,,
9,9,9,0.5094548977435827,0.4905451022564174,0.0189097954871652,1.0385485359046165,0.9628822971946716,22020.25232590493,11218.325396981789,10801.92692892315,False,False,False,1749,897,852,,,,,,,,,,,,,,,,,,,,
10,10,10,0.4995542158444702,0.5004457841555295,-0.0008915683110593,0.9982184517498458,1.0017847278288947,45741.6631296991,22850.44065617875,22891.22247352034,False,False,False,1092,555,537,,,,,,,,,,,,,,,,,,,,
11,11,11,0.4999378169549392,0.500062183045061,-0.0001243660901218,0.9997512987497584,1.00024876311794,86466.23378942382,43227.74016099994,43238.49362842389,False,False,False,622,306,316,,,,,,,,,,,,,,,,,,,,
12,12,12,0.519409615152113,0.4805903848478864,0.0388192303042266,1.08077404693919,0.9252627807191092,133994.97769423987,69598.2797964811,64396.6978977587,False,False,False,288,139,149,,,,,,,,,,,,,,,,,,,,
13,13,13,0.5442267036942059,0.4557732963057931,0.0884534073884127,1.194073255509613,0.8374695567343686,221111.1300408116,120334.5814522118,100776.5485885996,False,False,False,136,72,64,,,,,,,,,,,,,,,,,,,,
14,14,14,0.4501264633031249,0.5498735366968756,-0.0997470733937506,0.8185999748361459,1.2215978875398377,215297.0548672584,96910.90186697786,118386.15300028064,False,False,False,51,20,31,,,,,,,,,,,,,,,,,,,,
15,15,15,0.4251790322136961,0.5748209677863027,-0.1496419355726064,0.7396720997341247,1.351950412026424,241708.6833079232,102769.46404650954,138939.21926141332,False,False,False,14,9,5,,,,,,,,,,,,,,,,,,,,
16,16,16,0.0,1.0,-1.0,0.0,,101427.95611621342,0.0,101427.95611621342,False,True,False,3,0,3,,,,,,,,,,,,,,,,,,,,
17,17,17,0.0,1.0,-1.0,0.0,,32254.62461111579,0.0,32254.62461111579,False,True,False,1,0,1,,,,,,,,,,,,,,,,,,,,
18,18,18,,,,,,0.0,0.0,0.0,True,True,True,0,0,0,,,,,,,,,,,,,,,,,,,,
19,19,19,,,,,,0.0,0.0,0.0,True,True,True,0,0,0,,,,,,,,,,,,,,,,,,,,
20,20,20,,,,,,0.0,0.0,0.0,True,True,True,0,0,0,,,,,,,,,,,,,,,,,,,,
0,0,0,,,,,,0.0,0.0,0.0,True,True,True,0,0,0,0.4571101102204293,0.5428898897795715,7.0,random,False,0.5,20.0,50.0,31.0,19.0,pyr,1000.0,1.0,1.7455191612243652,53263.0,13479.0,39784.0,1281646427.0,1.809375047683716,2024-11-10 23:13:09.067376
1,1,1,,,,,,0.0,0.0,0.0,True,True,True,0,0,0,,,,,,,,,,,,,,,,,,,,
2,2,2,,,,,,0.0,0.0,0.0,True,True,True,0,0,0,,,,,,,,,,,,,,,,,,,,
3,3,3,0.6248820154641838,0.3751179845358162,0.2497640309283676,1.6658279294111535,0.6003020974402115,45.991811720029865,28.73945600246153,17.25235571756833,False,False,False,4227,2688,1539,,,,,,,,,,,,,,,,,,,,
4,4,4,0.4923890921483351,0.5076109078516648,-0.0152218157033297,0.9700128278020024,1.03091420168736,133.300520375286,65.63572221048771,67.66479816479827,False,False,False,4812,2276,2536,,,,,,,,,,,,,,,,,,,,
5,5,5,0.5267575437457139,0.4732424562542864,0.0535150874914274,1.113081754995102,0.898406604467612,443.1778300444271,233.44726519675783,209.73056484766937,False,False,False,5267,2660,2607,,,,,,,,,,,,,,,,,,,,
6,6,6,0.5301202281299328,0.4698797718700666,0.0602404562598662,1.1282039786903706,0.8863645394699007,1267.2588518341215,671.7995516339812,595.4593002001395,False,False,False,4739,2519,2220,,,,,,,,,,,,,,,,,,,,
7,7,7,0.5110655874012496,0.4889344125987505,0.0221311748024991,1.045264097253595,0.9566960183818376,3489.0472414393166,1783.131977916894,1705.915263522423,False,False,False,3986,2042,1944,,,,,,,,,,,,,,,,,,,,
8,8,8,0.4984735657821986,0.5015264342178011,-0.0030528684356025,0.993912846407859,1.0061244339623343,9525.879570880015,4748.399156908362,4777.4804139716525,False,False,False,3073,1508,1565,,,,,,,,,,,,,,,,,,,,
9,9,9,0.5220015103138311,0.4779984896861695,0.0440030206276617,1.0920568193772997,0.9157032695150504,22810.23983888533,11906.979646518865,10903.26019236648,False,False,False,2118,1115,1003,,,,,,,,,,,,,,,,,,,,
10,10,10,0.5234154118586775,0.4765845881413231,0.0468308237173542,1.0982634035649248,0.9105283821294916,49539.16982792341,25929.56497861949,23609.604849303934,False,False,False,1354,701,653,,,,,,,,,,,,,,,,,,,,
11,11,11,0.484301252773094,0.5156987472269058,-0.0313974944538116,0.9391165973882096,1.0648305043070416,98941.88262557492,47917.677707294366,51024.20491828054,False,False,False,780,389,391,,,,,,,,,,,,,,,,,,,,
12,12,12,0.5699589050194537,0.430041094980546,0.1399178100389077,1.3253591614197644,0.7545124590445129,183114.9290269881,104367.98444093711,78746.94458605093,False,False,False,395,212,183,,,,,,,,,,,,,,,,,,,,
13,13,13,0.5399227424857257,0.4600772575142744,0.0798454849714512,1.173547993662725,0.8521168332271868,274395.93445087306,148152.6054556488,126243.32899522428,False,False,False,171,89,82,,,,,,,,,,,,,,,,,,,,
14,14,14,0.580958546132355,0.4190414538676461,0.1619170922647088,1.3863987459241929,0.7212932087105908,287378.85172374966,166955.1998866152,120423.65183713476,False,False,False,53,32,21,,,,,,,,,,,,,,,,,,,,
15,15,15,0.2841377027253857,0.7158622972746153,-0.4317245945492294,0.3969167028451372,2.519420303635256,364025.5635286277,103433.38735433824,260592.17617428984,False,False,False,19,6,13,,,,,,,,,,,,,,,,,,,,
16,16,16,0.2264173683081334,0.7735826316918676,-0.5471652633837342,0.2926867267081039,3.416622308934764,286119.5085387407,64782.42614495818,221337.0823937828,False,False,False,4,1,3,,,,,,,,,,,,,,,,,,,,
17,17,17,0.6047992164544577,0.3952007835455442,0.2095984329089134,1.5303593556381667,0.6534412955465585,283159.5238034371,171254.65812793613,111904.86567550154,False,False,False,2,1,1,,,,,,,,,,,,,,,,,,,,
18,18,18,,,,,,0.0,0.0,0.0,True,True,True,0,0,0,,,,,,,,,,,,,,,,,,,,
19,19,19,,,,,,0.0,0.0,0.0,True,True,True,0,0,0,,,,,,,,,,,,,,,,,,,,
20,20,20,,,,,,0.0,0.0,0.0,True,True,True,0,0,0,,,,,,,,,,,,,,,,,,,,
0,0,0,,,,,,0.0,0.0,0.0,True,True,True,0,0,0,0.431880980745003,0.5681190192549966,8.0,random,False,0.5,20.0,50.0,25.0,25.0,pyr,1000.0,1.0,1.928012132644653,53365.0,13428.0,39937.0,2640136520.0,2.001101016998291,2024-11-10 23:13:38.663255
1,1,1,,,,,,0.0,0.0,0.0,True,True,True,0,0,0,,,,,,,,,,,,,,,,,,,,
2,2,2,,,,,,0.0,0.0,0.0,True,True,True,0,0,0,,,,,,,,,,,,,,,,,,,,
3,3,3,0.4032792472737085,0.5967207527262921,-0.1934415054525835,0.6758257450092194,1.4796713611233592,47.602468252715575,19.197087565325745,28.405380687389854,False,False,False,4175,1595,2580,,,,,,,,,,,,,,,,,,,,
4,4,4,0.4505050552388938,0.5494949447611054,-0.0989898895222115,0.8198529568543206,1.2197309183794158,140.98262086163496,63.51338339899488,77.46923746263997,False,False,False,4614,2084,2530,,,,,,,,,,,,,,,,,,,,
5,5,5,0.4635830739286922,0.5364169260713084,-0.0728338521426161,0.8642215623655879,1.1571106803477027,452.7544621456956,209.8893052964333,242.86515684926255,False,False,False,5383,2508,2875,,,,,,,,,,,,,,,,,,,,
6,6,6,0.5069527280011877,0.493047271998812,0.0139054560023757,1.0282030888154052,0.9725705075950528,1285.5244955288204,651.7001499206862,633.8243456081339,False,False,False,4850,2373,2477,,,,,,,,,,,,,,,,,,,,
7,7,7,0.5099051549708039,0.4900948450291959,0.019810309941608,1.040421379948259,0.9611490298764632,3548.8391864515143,1809.5713953340207,1739.2677911174926,False,False,False,3981,2070,1911,,,,,,,,,,,,,,,,,,,,
8,8,8,0.5005811862318635,0.4994188137681359,0.0011623724637276,1.0023274502915849,0.9976779541546948,9520.796931111632,4765.931821648547,4754.86510946308,False,False,False,3109,1536,1573,,,,,,,,,,,,,,,,,,,,
9,9,9,0.4983891129729217,0.5016108870270778,-0.003221774054156,0.9935771448796682,1.0064643748635238,23142.1441475113,11533.792693969648,11608.35145354164,False,False,False,2170,1100,1070,,,,,,,,,,,,,,,,,,,,
10,10,10,0.4943341277025357,0.5056658722974643,-0.0113317445949286,0.9775904501060284,1.0229232495996057,48840.37125066552,24143.46231886574,24696.90893179977,False,False,False,1348,670,678,,,,,,,,,,,,,,,,,,,,
11,11,11,0.5021370526939795,0.4978629473060189,0.0042741053879605,1.0085849035584755,0.9914881696838944,98841.89970176626,49632.18019891884,49209.71950284726,False,False,False,765,382,383,,,,,,,,,,,,,,,,,,,,
12,12,12,0.5196093282296351,0.4803906717703637,0.0392186564592713,1.0816390882752585,0.9245228014037132,160667.04739652228,83484.09656634589,77182.95083017621,False,False,False,340,175,165,,,,,,,,,,,,,,,,,,,,
13,13,13,0.4938170755985858,0.5061829244014132,-0.0123658488028274,0.9755703951936928,1.0250413552180997,244856.2488937805,120914.19677076612,123942.05212301407,False,False,False,165,82,83,,,,,,,,,,,,,,,,,,,,
14,14,14,0.5366572393921695,0.4633427606078303,0.0733144787843391,1.158229468586414,0.8633867701712609,365375.9790620022,196081.6642636252,169294.31479837693,False,False,False,68,36,32,,,,,,,,,,,,,,,,,,,,
15,15,15,0.5351287437033284,0.464871256296671,0.0702574874066573,1.1511332147449884,0.8687091877733115,504632.8264770124,270043.5304641033,234589.29601290872,False,False,False,25,13,12,,,,,,,,,,,,,,,,,,,,
16,16,16,0.2407823395982523,0.759217660401748,-0.5184353208034955,0.3171453354639298,3.1531285129487068,304583.49232359434,73338.32588468138,231245.16643891303,False,False,False,6,2,4,,,,,,,,,,,,,,,,,,,,
17,17,17,0.0,1.0,-1.0,0.0,,171382.07974856775,0.0,171382.07974856775,False,True,False,1,0,1,,,,,,,,,,,,,,,,,,,,
18,18,18,,,,,,0.0,0.0,0.0,True,True,True,0,0,0,,,,,,,,,,,,,,,,,,,,
19,19,19,,,,,,0.0,0.0,0.0,True,True,True,0,0,0,,,,,,,,,,,,,,,,,,,,
20,20,20,,,,,,0.0,0.0,0.0,True,True,True,0,0,0,,,,,,,,,,,,,,,,,,,,
0,0,0,,,,,,0.0,0.0,0.0,True,True,True,0,0,0,0.4493087731340706,0.5506912268659298,9.0,random,False,0.5,20.0,50.0,22.0,28.0,pyr,1000.0,1.0,1.7323472499847412,53749.0,13479.0,40270.0,1846011679.0,1.7991008758544922,2024-11-10 23:13:31.916854
1,1,1,,,,,,0.0,0.0,0.0,True,True,True,0,0,0,,,,,,,,,,,,,,,,,,,,
2,2,2,,,,,,0.0,0.0,0.0,True,True,True,0,0,0,,,,,,,,,,,,,,,,,,,,
3,3,3,0.5327932026861282,0.4672067973138715,0.0655864053722566,1.140379818421596,0.8769008218543395,56.258438847141214,29.974113811490056,26.28432503565114,False,False,False,4735,2732,2003,,,,,,,,,,,,,,,,,,,,
4,4,4,0.4953896396450754,0.5046103603549243,-0.0092207207098488,0.9817270483638836,1.0186130673149627,178.9234670874136,88.63683188448134,90.28663520293222,False,False,False,5064,2364,2700,,,,,,,,,,,,,,,,,,,,
5,5,5,0.5196004164743312,0.4803995835256688,0.0392008329486623,1.0816004723837729,0.924555809222299,592.2650178228507,307.74114992393044,284.52386789892034,False,False,False,5338,2601,2737,,,,,,,,,,,,,,,,,,,,
6,6,6,0.4788452590614664,0.5211547409385328,-0.0423094818770664,0.918815893719258,1.088357316014766,1692.3932434163632,810.3944810775838,881.9987623387781,False,False,False,4898,2348,2550,,,,,,,,,,,,,,,,,,,,
7,7,7,0.5163766768802431,0.4836233231197574,0.0327533537604857,1.067724925979997,0.9365708111404848,4642.276282820095,2397.1632000826085,2245.113082737489,False,False,False,3933,2084,1849,,,,,,,,,,,,,,,,,,,,
8,8,8,0.5083226882475879,0.4916773117524119,0.0166453764951758,1.0338542700614948,0.9672543113262172,10702.316078252545,5440.230079372715,5262.085998879828,False,False,False,2822,1442,1380,,,,,,,,,,,,,,,,,,,,
9,9,9,0.4910596391167857,0.5089403608832154,-0.0178807217664297,0.9648667640833212,1.036412525775056,24392.71201732226,11978.27636030595,12414.435657016336,False,False,False,1868,919,949,,,,,,,,,,,,,,,,,,,,
10,10,10,0.5188477947701579,0.4811522052298426,0.0376955895403153,1.0783444181084203,0.9273474997479484,50511.57613477121,26207.81988789098,24303.756246880257,False,False,False,1171,580,591,,,,,,,,,,,,,,,,,,,,
11,11,11,0.5391345116353201,0.4608654883646781,0.078269023270642,1.1698305150779886,0.854824683670808,87189.02133845337,47006.61043926857,40182.41089918465,False,False,False,602,316,286,,,,,,,,,,,,,,,,,,,,
12,12,12,0.4702623953341209,0.52973760466588,-0.059475209331759,0.8877270391833487,1.1264723905671896,158034.46848435837,74317.66769480902,83716.80078954951,False,False,False,339,168,171,,,,,,,,,,,,,,,,,,,,
13,13,13,0.5213935427391556,0.4786064572608459,0.0427870854783096,1.0893993067356178,0.9179370629457232,185797.39351191476,96873.56123487825,88923.8322770368,False,False,False,152,84,68,,,,,,,,,,,,,,,,,,,,
14,14,14,0.5182580270530163,0.4817419729469833,0.0365160541060329,1.0758000260650975,0.9295407843199744,244097.82126929256,126505.65525896336,117592.1660103291,False,False,False,54,26,28,,,,,,,,,,,,,,,,,,,,
15,15,15,0.484657317443597,0.5153426825564038,-0.0306853651128068,0.940456387271108,1.0633135289789115,241485.71356862184,117037.8181391211,124447.89542950096,False,False,False,17,9,8,,,,,,,,,,,,,,,,,,,,
16,16,16,0.3997727642222791,0.6002272357777202,-0.200454471555441,0.6660356951385081,1.5014210308833988,133484.39107419018,53363.42400025672,80120.96707393335,False,False,False,4,2,2,,,,,,,,,,,,,,,,,,,,
17,17,17,0.3041314098949081,0.6958685901050923,-0.391737180210184,0.4370529353092044,2.288052359818895,336616.2405948185,102375.57184562576,234240.66874919288,False,False,False,3,1,2,,,,,,,,,,,,,,,,,,,,
18,18,18,,,,,,0.0,0.0,0.0,True,True,True,0,0,0,,,,,,,,,,,,,,,,,,,,
19,19,19,,,,,,0.0,0.0,0.0,True,True,True,0,0,0,,,,,,,,,,,,,,,,,,,,
20,20,20,,,,,,0.0,0.0,0.0,True,True,True,0,0,0,,,,,,,,,,,,,,,,,,,,
0,0,0,,,,,,0.0,0.0,0.0,True,True,True,0,0,0,0.3865917458422238,0.6134082541577762,10.0,random,False,0.5,20.0,50.0,26.0,24.0,pyr,1000.0,1.0,1.9408059120178225,53697.0,13479.0,40218.0,2548891259.0,2.022386312484741,2024-11-10 23:13:43.025253
1,1,1,,,,,,0.0,0.0,0.0,True,True,True,0,0,0,,,,,,,,,,,,,,,,,,,,
2,2,2,,,,,,0.0,0.0,0.0,True,True,True,0,0,0,,,,,,,,,,,,,,,,,,,,
3,3,3,0.2675141284973261,0.7324858715026737,-0.4649717430053475,0.3652140456286598,2.738120321409473,51.54351850581955,13.788619432770115,37.75489907304942,False,False,False,4408,1045,3363,,,,,,,,,,,,,,,,,,,,
4,4,4,0.4505247653543307,0.5494752346456697,-0.098950469291339,0.8199182364330807,1.21963380684193,193.41629035152025,87.13882882632375,106.27746152519656,False,False,False,5556,2497,3059,,,,,,,,,,,,,,,,,,,,
5,5,5,0.5117672375824639,0.4882327624175352,0.0235344751649285,1.0482033918584144,0.954013322001418,600.0691019729832,307.0957066753034,292.97339529767925,False,False,False,5806,2975,2831,,,,,,,,,,,,,,,,,,,,
6,6,6,0.4774066974094254,0.5225933025905749,-0.0451866051811494,0.9135338991962726,1.0946501283420356,1750.7811862836345,835.8346640302259,914.946522253409,False,False,False,4723,2240,2483,,,,,,,,,,,,,,,,,,,,
7,7,7,0.5168927654854719,0.4831072345145276,0.0337855309709443,1.0699338129450602,0.93463725316563,5162.244436120188,2668.3268026981546,2493.917633422031,False,False,False,3970,2076,1894,,,,,,,,,,,,,,,,,,,,
8,8,8,0.49982840182573,0.5001715981742699,-0.0003431963485399,0.9993138427895694,1.0006866283454208,12806.64864480148,6401.126724874775,6405.521919926705,False,False,False,2751,1351,1400,,,,,,,,,,,,,,,,,,,,
9,9,9,0.5171925889288967,0.4828074110711035,0.0343851778577932,1.0712192420193178,0.9335157181408869,30265.612174485843,15653.15031604027,14612.461858445582,False,False,False,1778,934,844,,,,,,,,,,,,,,,,,,,,
10,10,10,0.4738144858758968,0.5261855141241029,-0.0523710282482059,0.9004704104494712,1.1105306608585268,67568.42662430636,32014.89932243898,35553.52730186736,False,False,False,1068,517,551,,,,,,,,,,,,,,,,,,,,
11,11,11,0.5413387655300298,0.4586612344699688,0.082677531060061,1.1802583799252264,0.8472721033027985,118752.69674717572,64285.43826047809,54467.258486697465,False,False,False,571,291,280,,,,,,,,,,,,,,,,,,,,
12,12,12,0.5393896358518677,0.4606103641481318,0.0787792717037359,1.1710323471540485,0.8539473759459274,158107.48742885233,85281.54006970242,72825.94735914984,False,False,False,236,125,111,,,,,,,,,,,,,,,,,,,,
13,13,13,0.4432000257525668,0.5567999742474335,-0.1135999484948666,0.7959770945600214,1.2563175584251616,244450.10530004444,108340.29296419738,136109.81233584715,False,False,False,101,46,55,,,,,,,,,,,,,,,,,,,,
14,14,14,0.3436148319489693,0.6563851680510311,-0.3127703361020618,0.5234957288405011,1.910235260591172,158038.25056566636,54304.28690963055,103733.96365603588,False,False,False,23,9,14,,,,,,,,,,,,,,,,,,,,
15,15,15,0.1575065360913812,0.8424934639086198,-0.6849869278172386,0.1869528285248098,5.348942874471106,164939.89517125816,25979.11155170041,138960.78361955791,False,False,False,8,2,6,,,,,,,,,,,,,,,,,,,,
16,16,16,0.0,1.0,-1.0,0.0,,62094.223348436455,0.0,62094.223348436455,False,True,False,1,0,1,,,,,,,,,,,,,,,,,,,,
17,17,17,,,,,,0.0,0.0,0.0,True,True,True,0,0,0,,,,,,,,,,,,,,,,,,,,
18,18,18,,,,,,0.0,0.0,0.0,True,True,True,0,0,0,,,,,,,,,,,,,,,,,,,,
19,19,19,,,,,,0.0,0.0,0.0,True,True,True,0,0,0,,,,,,,,,,,,,,,,,,,,
20,20,20,,,,,,0.0,0.0,0.0,True,True,True,0,0,0,,,,,,,,,,,,,,,,,,,,
