,Unnamed: 0,l,avg_pos_degree_of_bal,avg_neg_degree_of_bal,avg_rel_signed_clust_coeff,avg_pos_to_neg_ratio,avg_neg_to_pos_ratio,avg_total,avg_pos,avg_neg,zeros_total,zeros_pos,zeros_neg,std_pos_degree_of_bal,std_neg_degree_of_bal,std_rel_signed_clust_coeff,std_pos_to_neg_ratio,std_neg_to_pos_ratio,std_total,std_pos,std_neg,avg_pos_degree_of_bal_graph,avg_neg_degree_of_bal_graph,run,kind,directed,com_sizes,edge_probs,neg_edge_prob,n_nodes,n_edges,n_pos_edges,n_neg_edges,alg,n_samples,max_length,exact,parallel,full_matrix_mem,clean_matrix_mem,alg_run_time,alg_peak_mem,alg_only_mem,init_mem,seed,script_run_time,exp_date
0,0,0,,,,,,0.0,0.0,0.0,True,True,True,,,,,,0.0,0.0,0.0,0.5062530748633651,0.4937469251366349,0.0,sbm,False,"[10, 10]","[[0.5, 0.2], [0.2, 0.5]]",0.5,20.0,63.0,36.0,27.0,cx,20.0,10.0,False,False,400.0,400.0,10.919604063034058,89351.0,37328.0,52023.0,130250193.0,11.071263074874878,2024-11-10 23:12:16.483074
1,1,1,,,,,,0.0,0.0,0.0,True,True,True,,,,,,0.0,0.0,0.0,,,,,,,,,,,,,,,,,,,,,,,,,,
2,2,2,,,,,,0.0,0.0,0.0,True,True,True,,,,,,0.0,0.0,0.0,,,,,,,,,,,,,,,,,,,,,,,,,,
3,3,3,0.4825000000000005,0.5174999999999994,-0.0349999999999987,0.8774509803921586,116096892033445.12,3.6,1.7000000000000015,1.8999999999999984,False,False,False,0.2945732481507389,0.2945732481507389,0.5891464963014779,0.7432252004456459,307943983837553.94,1.93390796058137,1.144552314225959,1.1789826122551583,,,,,,,,,,,,,,,,,,,,,,,,,,
4,4,4,0.4936796536796521,0.5063203463203478,-0.0126406926406958,0.7864583333333275,-42170802962384.125,4.4999999999999885,1.8499999999999872,2.650000000000002,False,False,False,0.3180160698542135,0.3180160698542136,0.6360321397084272,0.6541592024521049,103771382210422.05,3.2171415884290826,1.3883443376914792,2.151162476429898,,,,,,,,,,,,,,,,,,,,,,,,,,
5,5,5,0.5879389518863137,0.4120610481136862,0.1758779037726275,6945867419993.181,-768532359618.6953,6.499999999999862,3.299999999999872,3.199999999999989,False,False,False,0.2797855896992438,0.2797855896992438,0.5595711793984877,47996549646794.1,3349954890422.613,4.716990566028325,2.451530134426256,2.6758176320519405,,,,,,,,,,,,,,,,,,,,,,,,,,
6,6,6,0.4892314384961661,0.5107685615038339,-0.0215371230076676,404955623267.2304,138130279333.9955,7.149999999999961,3.650000000000099,3.4999999999998628,False,False,False,0.2701047794836879,0.2701047794836879,0.5402095589673759,3749046872698.239,586037143220.7921,5.790293602227647,3.4536212878658,2.636285265292667,,,,,,,,,,,,,,,,,,,,,,,,,,
7,7,7,0.4693899605294464,0.5306100394705535,-0.0612200789411069,1.2013157894733673,-46614163604.38982,6.099999999998771,3.549999999998801,2.549999999999971,False,False,False,0.2782155474286201,0.2782155474286201,0.5564310948572402,1.0139244840432862,362337651871.3906,5.018964036530885,3.4274626183218864,1.8296174463531512,,,,,,,,,,,,,,,,,,,,,,,,,,
8,8,8,0.5524426993915699,0.4475573006084302,0.1048853987831396,13666487508.816118,107721731464.87636,3.7000000000042954,2.000000000001221,1.700000000003073,False,False,False,0.3436682539149741,0.3436682539149742,0.6873365078299484,57981995950.66391,692318914385.731,3.451086785357175,2.3021728866519564,1.7058722109251716,,,,,,,,,,,,,,,,,,,,,,,,,,
9,9,9,0.3693348022690463,0.6306651977309536,-0.2613303954619074,-64015873583.23838,62007842553.33617,1.4999999999678826,0.6499999999840478,0.8499999999838346,False,False,False,0.5834145596052376,0.5834145596052376,1.1668291192104752,337373634001.0352,344543781778.2324,2.109502310936877,0.963068014185291,1.3883443376845637,,,,,,,,,,,,,,,,,,,,,,,,,,
10,10,10,0.5703506386393081,0.429649361360692,0.1407012772786161,-2.749245966439948,10024037632.625303,0.500000000041571,0.200000000017394,0.3000000000241769,False,False,False,0.3269513748692924,0.3269513748692923,0.6539027497385849,22.478286515942276,43693767045.43515,1.9621416870204824,0.8717797886991244,1.099999999994844,,,,,,,,,,,,,,,,,,,,,,,,,,
0,0,0,,,,,,0.0,0.0,0.0,True,True,True,,,,,,0.0,0.0,0.0,0.5210893804567251,0.4789106195432747,1.0,sbm,False,"[10, 10]","[[0.5, 0.2], [0.2, 0.5]]",0.5,20.0,60.0,32.0,28.0,cx,20.0,10.0,False,False,400.0,400.0,9.378983974456789,86484.0,37304.0,49180.0,4259459283.0,9.448846101760864,2024-11-10 23:11:58.572391
1,1,1,,,,,,0.0,0.0,0.0,True,True,True,,,,,,0.0,0.0,0.0,,,,,,,,,,,,,,,,,,,,,,,,,,
2,2,2,,,,,,0.0,0.0,0.0,True,True,True,,,,,,0.0,0.0,0.0,,,,,,,,,,,,,,,,,,,,,,,,,,
3,3,3,0.5479254079254082,0.4520745920745915,0.0958508158508167,1.1967787114845956,13053911963393.78,5.1,2.6000000000000005,2.4999999999999982,False,False,False,0.26585540066089,0.2658554006608899,0.5317108013217801,0.8983455742043767,56900683066305.32,3.112876483254674,1.56204993518133,1.9874606914351771,,,,,,,,,,,,,,,,,,,,,,,,,,
4,4,4,0.5372503227766366,0.4627496772233634,0.0745006455532732,31274997412295.73,-7764826943741.294,7.299999999999988,3.499999999999983,3.8000000000000074,False,False,False,0.2435932143495489,0.2435932143495489,0.4871864286990978,128950117771810.23,33846095961854.43,6.116371473349214,2.7110883423451875,3.627671429443417,,,,,,,,,,,,,,,,,,,,,,,,,,
5,5,5,0.4886499665460656,0.5113500334539345,-0.0227000669078689,-56167631099271.766,-968516048896.2112,10.79999999999992,5.249999999999899,5.55000000000002,False,False,False,0.4140189493991854,0.4140189493991854,0.8280378987983708,245432300488201.5,4221663582338.848,11.258774356030136,5.146600819958773,6.3045618404454205,,,,,,,,,,,,,,,,,,,,,,,,,,
6,6,6,0.7219716164355526,0.2780283835644473,0.4439432328711052,1653489836548.3667,0.7536335148218034,13.64999999999922,6.699999999999474,6.949999999999749,False,False,False,0.5097342565928236,0.5097342565928236,1.0194685131856471,9415273648798.39,0.6400485661915891,17.607597791861465,8.769834662066751,8.98596127300778,,,,,,,,,,,,,,,,,,,,,,,,,,
7,7,7,0.2505773258459459,0.749422674154054,-0.498845348308108,-439804651107.35706,-75926825041.29636,13.900000000000546,7.399999999999734,6.50000000000081,False,False,False,1.3296646977596798,1.32966469775968,2.65932939551936,1917064029088.4216,330957357462.49304,21.789676454691246,11.213384859178076,10.786565718523132,,,,,,,,,,,,,,,,,,,,,,,,,,
8,8,8,0.5202800180706281,0.4797199819293721,0.0405600361412559,156267586658.9482,-98417824023.1332,11.29999999999937,5.449999999997409,5.850000000001962,False,False,False,0.2505358748341948,0.2505358748341948,0.5010717496683896,592120884360.583,428993349165.4988,19.91255885113709,10.07707794947728,10.006372969270794,,,,,,,,,,,,,,,,,,,,,,,,,,
9,9,9,0.5288356619880985,0.4711643380119016,0.0576713239761969,1.6014440607044105,-171897091347.7242,6.549999999969804,3.2499999999852123,3.2999999999845957,False,False,False,0.2807294409308489,0.2807294409308489,0.5614588818616978,14.551861957841467,776280075517.9348,10.938349966898734,5.778191758643846,5.320714237726448,,,,,,,,,,,,,,,,,,,,,,,,,,
10,10,10,0.5680935384547023,0.4319064615452976,0.1361870769094047,0.8881801285293814,1.0500652686425938,1.3500000001050163,0.6500000000584403,0.7000000000465763,False,False,False,0.2850640013746988,0.2850640013746988,0.5701280027493977,1.0269540283720269,0.6755998606729976,3.22916397870897,1.5580436452184612,1.6763054615100192,,,,,,,,,,,,,,,,,,,,,,,,,,
0,0,0,,,,,,0.0,0.0,0.0,True,True,True,,,,,,0.0,0.0,0.0,0.5533746445357519,0.4466253554642482,2.0,sbm,False,"[10, 10]","[[0.5, 0.2], [0.2, 0.5]]",0.5,20.0,62.0,29.0,33.0,cx,20.0,10.0,False,False,400.0,400.0,10.153136014938354,88755.0,37352.0,51403.0,1535995910.0,10.225967168807983,2024-11-10 23:11:58.571921
1,1,1,,,,,,0.0,0.0,0.0,True,True,True,,,,,,0.0,0.0,0.0,,,,,,,,,,,,,,,,,,,,,,,,,,
2,2,2,,,,,,0.0,0.0,0.0,True,True,True,,,,,,0.0,0.0,0.0,,,,,,,,,,,,,,,,,,,,,,,,,,
3,3,3,0.4712301587301593,0.5287698412698407,-0.0575396825396813,0.898225957049488,191620681267866.62,5.65,2.500000000000001,3.1499999999999977,False,False,False,0.3160158482005809,0.3160158482005809,0.6320316964011617,0.8147043427598517,592475886229036.1,4.089926649709012,1.8574175621006697,2.761792895928294,,,,,,,,,,,,,,,,,,,,,,,,,,
4,4,4,0.6119571491310609,0.3880428508689392,0.2239142982621214,31274997412296.902,0.979129767291544,9.449999999999996,5.549999999999989,3.900000000000007,False,False,False,0.2359635380136428,0.2359635380136427,0.4719270760272856,128950117771810.77,1.0175129356788193,9.091067044082346,5.286539510870984,4.403407771260803,,,,,,,,,,,,,,,,,,,,,,,,,,
5,5,5,0.5034633642194033,0.4965366357805967,0.0069267284388065,-19752629944605.88,1.35700707338647,15.049999999999788,6.94999999999983,8.099999999999959,False,False,False,0.2117208938437481,0.2117208938437481,0.4234417876874962,83803311480599.69,1.016360170382779,16.773416467732464,8.423033895218513,8.825531145489174,,,,,,,,,,,,,,,,,,,,,,,,,,
6,6,6,0.5455808738307015,0.4544191261692985,0.0911617476614028,57420435895.18638,478427722455.3115,19.85000000000015,10.150000000000166,9.699999999999989,False,False,False,0.2457561892911641,0.245756189291164,0.4915123785823282,243614277557.9856,2085418093966.576,25.110306648864874,12.892924416128867,12.45833054626498,,,,,,,,,,,,,,,,,,,,,,,,,,
7,7,7,0.5954532109296806,0.4045467890703191,0.1909064218593615,-971143875794.58,-76435838888.80287,21.39999999999464,10.649999999998284,10.749999999996364,False,False,False,0.231863409271712,0.231863409271712,0.463726818543424,3922301578425.948,333176097384.22864,30.25789153261615,14.395398570377257,16.074436226498136,,,,,,,,,,,,,,,,,,,,,,,,,,
8,8,8,0.4183926042717377,0.5816073957282624,-0.1632147914565246,-24741108327.6786,7661267739.149759,17.10000000000189,7.850000000005158,9.24999999999673,False,False,False,0.8019289581583009,0.8019289581583009,1.6038579163166018,74063234230.33768,33394691851.190758,27.42425933365456,12.515090890608956,15.31951369984298,,,,,,,,,,,,,,,,,,,,,,,,,,
9,9,9,0.4317918325924577,0.5682081674075423,-0.1364163348150845,1194206290.103727,0.5207235853215489,9.600000000007348,5.400000000024371,4.199999999982978,False,False,False,0.7581605148535663,0.7581605148535664,1.5163210297071326,7581393998.277368,1.1220652428154527,15.183543723506006,9.063112048331686,7.004284403177596,,,,,,,,,,,,,,,,,,,,,,,,,,
10,10,10,-0.1832811359657497,1.1832811359657498,-1.3665622719314994,-0.9781257124184976,209161620.8753619,1.1000000000715455,0.4000000000474838,0.7000000000240616,False,False,False,2.759468118550896,2.759468118550896,5.518936237101792,7.312737386718489,12580980367.307491,2.8266588051167223,1.356465996545038,1.7058722110145057,,,,,,,,,,,,,,,,,,,,,,,,,,
0,0,0,,,,,,0.0,0.0,0.0,True,True,True,,,,,,0.0,0.0,0.0,0.4975004599097259,0.5024995400902741,3.0,sbm,False,"[10, 10]","[[0.5, 0.2], [0.2, 0.5]]",0.5,20.0,74.0,32.0,42.0,cx,20.0,10.0,False,False,400.0,400.0,15.16062831878662,92545.0,37368.0,55177.0,1779285243.0,15.30131721496582,2024-11-10 23:12:50.911205
1,1,1,,,,,,0.0,0.0,0.0,True,True,True,,,,,,0.0,0.0,0.0,,,,,,,,,,,,,,,,,,,,,,,,,,
2,2,2,,,,,,0.0,0.0,0.0,True,True,True,,,,,,0.0,0.0,0.0,,,,,,,,,,,,,,,,,,,,,,,,,,
3,3,3,0.56863455988456,0.4313654401154397,0.1372691197691203,1.4000797448165885,0.8638492063492051,7.799999999999999,4.250000000000001,3.549999999999997,False,False,False,0.145416954147087,0.145416954147087,0.2908339082941741,0.9314175528699588,0.4417033866422423,3.841874542459707,1.867484939698309,2.246664193866096,,,,,,,,,,,,,,,,,,,,,,,,,,
4,4,4,0.4610939231333955,0.5389060768666046,-0.077812153733209,1.000583166833162,1.4833920608377276,16.149999999999984,7.499999999999977,8.650000000000006,False,False,False,0.1419620202565084,0.1419620202565084,0.2839240405130169,0.5866461997150876,1.1299536990604904,11.078244445759443,4.964876634922563,6.665395712183933,,,,,,,,,,,,,,,,,,,,,,,,,,
5,5,5,0.480328269256783,0.519671730743217,-0.039343461486434,0.9734551501886732,1.1437664760491115,28.299999999999955,14.249999999999924,14.050000000000034,False,False,False,0.079578311956636,0.079578311956636,0.159156623913272,0.3311570335603518,0.382980129616865,27.95728885281991,15.332563386466168,12.733715090263384,,,,,,,,,,,,,,,,,,,,,,,,,,
6,6,6,0.4974428244140733,0.5025571755859267,-0.0051143511718532,1.0528686763531536,1.066018294989348,41.34999999999776,21.199999999998475,20.149999999999288,False,False,False,0.0830947018303477,0.0830947018303477,0.1661894036606954,0.3887325501287003,0.3405241542379207,55.556525269313816,28.51420698528983,27.368366776262004,,,,,,,,,,,,,,,,,,,,,,,,,,
7,7,7,0.5141038366958883,0.4858961633041118,0.0282076733917762,1.128728333757392,1.0299001873824492,45.15000000000314,22.75000000000007,22.400000000003068,False,False,False,0.0910729609976446,0.0910729609976446,0.1821459219952892,0.3915560117256763,0.5118135944195891,80.09199398190012,38.42639067098429,41.7748728304378,,,,,,,,,,,,,,,,,,,,,,,,,,
8,8,8,0.4936608348043482,0.5063391651956518,-0.0126783303913039,1.0923157661043317,1.133737015071704,33.25000000000095,16.79999999999425,16.4500000000067,False,False,False,0.110007841595447,0.110007841595447,0.2200156831908941,0.5746554228961823,0.5022796795567653,76.784682717511,40.07318305309527,36.7661189141233,,,,,,,,,,,,,,,,,,,,,,,,,,
9,9,9,0.1351667974896253,0.8648332025103747,-0.7296664050207493,730816730.0512677,0.7900361402109806,14.399999999963049,6.999999999984621,7.399999999978425,False,False,False,1.2595950468525996,1.2595950468525996,2.519190093705199,3185556268.1312647,0.9381073277928788,35.101851802349884,16.74216234508966,18.396738841103147,,,,,,,,,,,,,,,,,,,,,,,,,,
10,10,10,0.5283655489939544,0.4716344510060456,0.0567310979879088,2.5237792671851915,3944712726.287716,0.999999999900641,0.3499999999281741,0.6499999999724668,False,False,False,0.2805578373812455,0.2805578373812455,0.561115674762491,6.455738124982228,17194604143.750286,3.065941943363142,1.107925990257206,1.9817921183199605,,,,,,,,,,,,,,,,,,,,,,,,,,
0,0,0,,,,,,0.0,0.0,0.0,True,True,True,,,,,,0.0,0.0,0.0,0.5003433103532434,0.4996566896467564,4.0,sbm,False,"[10, 10]","[[0.5, 0.2], [0.2, 0.5]]",0.5,20.0,63.0,28.0,35.0,cx,20.0,10.0,False,False,400.0,400.0,12.275452852249146,89382.0,37309.0,52073.0,347749838.0,12.354109048843384,2024-11-10 23:13:28.419821
1,1,1,,,,,,0.0,0.0,0.0,True,True,True,,,,,,0.0,0.0,0.0,,,,,,,,,,,,,,,,,,,,,,,,,,
2,2,2,,,,,,0.0,0.0,0.0,True,True,True,,,,,,0.0,0.0,0.0,,,,,,,,,,,,,,,,,,,,,,,,,,
3,3,3,0.4947853535353539,0.5052146464646461,-0.010429292929292,1.3849624060150396,140144272275379.38,6.15,3.250000000000001,2.8999999999999977,False,False,False,0.2702311684811387,0.2702311684811387,0.5404623369622774,1.2535520727278189,368626559895205.44,3.350746185553299,2.299456457513382,1.841195263952196,,,,,,,,,,,,,,,,,,,,,,,,,,
4,4,4,0.4906206709956683,0.5093793290043319,-0.0187586580086635,1.1583760683760598,-13143587274562.871,10.549999999999985,5.5499999999999785,5.000000000000006,False,False,False,0.1837457760512438,0.1837457760512438,0.3674915521024876,0.5852718392913553,46792324166056.69,7.15873592193482,3.9808918598726057,3.521363372331804,,,,,,,,,,,,,,,,,,,,,,,,,,
5,5,5,0.457062413297901,0.5429375867020989,-0.0858751734041978,1.0011333173620218,-751225959526.9113,18.49999999999992,8.499999999999911,10.000000000000004,False,False,False,0.1495233107443803,0.1495233107443803,0.2990466214887606,0.655368546905462,3274518041347.3174,13.143439428095052,6.3126856408346965,7.155417527999409,,,,,,,,,,,,,,,,,,,,,,,,,,
6,6,6,0.5493827414246798,0.4506172585753201,0.0987654828493598,-396792918709.7617,-233589192290.2136,24.64999999999828,13.199999999998925,11.449999999999363,False,False,False,0.1912822958997505,0.1912822958997505,0.382564591799501,1729580234174.481,1018191683499.936,21.014935165256336,11.1919614009331,9.997374655377625,,,,,,,,,,,,,,,,,,,,,,,,,,
7,7,7,0.6116108287369678,0.3883891712630322,0.2232216574739356,-232282602303.7606,-562013264646.2893,25.25000000000845,12.500000000004004,12.750000000004452,False,False,False,0.395636803838893,0.395636803838893,0.7912736076777861,711539974625.8577,2449759025526.27,27.165925347768315,13.351029922822915,14.088559188225991,,,,,,,,,,,,,,,,,,,,,,,,,,
8,8,8,0.53270694294382,0.4672930570561799,0.06541388588764,-54422094601.89732,8303128776.845576,19.299999999958576,9.44999999997891,9.84999999997967,False,False,False,0.2874140207004499,0.2874140207004499,0.5748280414008999,123297206139.82986,58279477584.92407,29.327632021657127,13.55166041484606,16.041430734183468,,,,,,,,,,,,,,,,,,,,,,,,,,
9,9,9,0.5369627121505396,0.4630372878494604,0.0739254243010791,447933570.67814016,-1901677258.9896595,9.950000000099488,4.800000000052097,5.15000000004739,False,False,False,0.7772571842863265,0.7772571842863264,1.554514368572653,3248063890.1131296,8289218996.7146845,21.523185173172102,9.957911427608565,11.65879496342394,,,,,,,,,,,,,,,,,,,,,,,,,,
10,10,10,0.4518620390713432,0.5481379609286567,-0.0962759218573135,-2164690891.07876,495057737.0286711,2.599999999874795,1.2999999999328251,1.2999999999419694,False,False,False,0.3554845359770662,0.3554845359770662,0.7109690719541325,8858418540.478401,2157906640.388828,6.019966777603587,3.0347981812244886,3.1320919528385667,,,,,,,,,,,,,,,,,,,,,,,,,,
0,0,0,,,,,,0.0,0.0,0.0,True,True,True,,,,,,0.0,0.0,0.0,0.5100198975165627,0.4899801024834374,5.0,sbm,False,"[10, 10]","[[0.5, 0.2], [0.2, 0.5]]",0.5,20.0,67.0,28.0,39.0,cx,20.0,10.0,False,False,400.0,400.0,11.873684883117676,90347.0,37288.0,53059.0,2843683941.0,11.953356981277466,2024-11-10 23:12:02.720082
1,1,1,,,,,,0.0,0.0,0.0,True,True,True,,,,,,0.0,0.0,0.0,,,,,,,,,,,,,,,,,,,,,,,,,,
2,2,2,,,,,,0.0,0.0,0.0,True,True,True,,,,,,0.0,0.0,0.0,,,,,,,,,,,,,,,,,,,,,,,,,,
3,3,3,0.4556322680587391,0.544367731941261,-0.0887354638825219,1.027830940988837,121363236711608.52,6.699999999999998,2.900000000000001,3.799999999999998,False,False,False,0.2368952998454997,0.2368952998454997,0.4737905996909995,0.8722142091432948,384899611342964.1,4.313930922024596,2.046948949045871,2.7856776554368223,,,,,,,,,,,,,,,,,,,,,,,,,,
4,4,4,0.5926912923561849,0.4073087076438152,0.1853825847123696,1.6392200854700745,0.922048507048513,11.249999999999996,5.799999999999989,5.450000000000006,False,False,False,0.2055535316983972,0.2055535316983972,0.4111070633967944,1.3552756781906905,0.7407465847861887,11.125983102629622,5.153639490690044,6.336205489092035,,,,,,,,,,,,,,,,,,,,,,,,,,
5,5,5,0.4963790187940501,0.5036209812059498,-0.0072419624118997,-3127499741227.9653,-391958192111.10144,18.199999999999743,9.19999999999982,8.999999999999922,False,False,False,0.2244461271532183,0.2244461271532183,0.4488922543064367,13632455317967.637,1708506149510.7495,20.97522347914319,11.034491379306989,10.305338422390587,,,,,,,,,,,,,,,,,,,,,,,,,,
6,6,6,0.5283469374646038,0.4716530625353962,0.0566938749292078,-702589645454.3273,219046674484.0079,23.900000000000045,12.800000000000017,11.100000000000035,False,False,False,0.2159145786690166,0.2159145786690166,0.4318291573380333,3062517263319.207,954802317989.769,31.632103945200303,16.12017369633417,15.88049117628274,,,,,,,,,,,,,,,,,,,,,,,,,,
7,7,7,0.4559675268601024,0.5440324731398977,-0.0880649462797953,1.1547280743133794,-37670463305.53902,23.899999999995917,12.249999999998192,11.649999999997718,False,False,False,0.1947633538777811,0.1947633538777811,0.3895267077555621,1.0770112525527684,293130851955.859,33.226344969020126,17.00551381170458,16.656155018493713,,,,,,,,,,,,,,,,,,,,,,,,,,
8,8,8,0.5344300993261439,0.465569900673856,0.0688601986522881,1.8234903501524105,51837012286.354805,18.05000000002736,10.10000000001391,7.950000000013449,False,False,False,0.1963637420295041,0.1963637420295041,0.3927274840590083,2.3667586787497723,225952298087.0849,24.12358804156472,13.341289293007128,10.979412552584805,,,,,,,,,,,,,,,,,,,,,,,,,,
9,9,9,0.4448153749740863,0.5551846250259138,-0.1103692500518275,16596401929.572016,6126512893.698482,10.34999999990242,5.699999999949154,4.649999999953264,False,False,False,0.3385087808119458,0.3385087808119458,0.6770175616238917,72342038832.76814,26704850575.27276,15.463747928618648,8.78122998218578,7.101232287419633,,,,,,,,,,,,,,,,,,,,,,,,,,
10,10,10,-0.1208408395804004,1.1208408395804004,-1.2416816791608003,-165573515719.48254,-5895357940.279112,2.250000000107719,1.2500000000389853,1.000000000068734,False,False,False,2.2593324734055478,2.2593324734055478,4.518664946811095,721718222750.7872,87423915719.08458,5.233306794050361,3.57596140922866,1.8973665961425,,,,,,,,,,,,,,,,,,,,,,,,,,
0,0,0,,,,,,0.0,0.0,0.0,True,True,True,,,,,,0.0,0.0,0.0,0.5491714641867369,0.4508285358132631,6.0,sbm,False,"[10, 10]","[[0.5, 0.2], [0.2, 0.5]]",0.5,20.0,58.0,34.0,24.0,cx,20.0,10.0,False,False,400.0,400.0,9.099954843521118,87072.0,37344.0,49728.0,1121168978.0,9.175800085067747,2024-11-10 23:12:50.545159
1,1,1,,,,,,0.0,0.0,0.0,True,True,True,,,,,,0.0,0.0,0.0,,,,,,,,,,,,,,,,,,,,,,,,,,
2,2,2,,,,,,0.0,0.0,0.0,True,True,True,,,,,,0.0,0.0,0.0,,,,,,,,,,,,,,,,,,,,,,,,,,
3,3,3,0.5725000000000005,0.4274999999999996,0.1450000000000006,1.2588235294117662,112589990684263.16,4.05,2.1000000000000005,1.9499999999999988,False,False,False,0.2485838290557677,0.2485838290557677,0.4971676581115354,0.7941394332523524,490768391446885.25,1.8020821290940088,1.1789826122551588,1.4654350889752832,,,,,,,,,,,,,,,,,,,,,,,,,,
4,4,4,0.6023809523809505,0.3976190476190496,0.2047619047619008,-351843720888319.5,-12171890884784.326,4.549999999999985,2.749999999999983,1.800000000000002,False,False,False,0.2734256568449901,0.2734256568449901,0.5468513136899803,1362684871468116.0,53056042318582.38,3.2322592717787955,2.4057223447438814,1.6000000000000014,,,,,,,,,,,,,,,,,,,,,,,,,,
5,5,5,0.4516024608320967,0.5483975391679031,-0.0967950783358063,-23703155933525.992,-8396160681184.036,5.599999999999952,2.3499999999999184,3.250000000000034,False,False,False,0.3138413112353321,0.3138413112353321,0.6276826224706642,100563973776720.05,27127585935170.484,5.295280917949587,2.5548972582082863,3.686122624113379,,,,,,,,,,,,,,,,,,,,,,,,,,
6,6,6,0.575114100393708,0.424885899606292,0.1502282007874162,11512079639594.348,1151815761476.4983,6.649999999999001,3.2999999999992298,3.3499999999997705,False,False,False,0.2863054716853994,0.2863054716853994,0.5726109433707989,34605811646305.08,5020648505849.163,6.513639535619687,3.5227829907606214,4.1143043154338965,,,,,,,,,,,,,,,,,,,,,,,,,,
7,7,7,0.5328754165514208,0.4671245834485792,0.0657508331028414,-811146383256.0137,1604646337238.8042,6.850000000001583,3.400000000000472,3.450000000001112,False,False,False,0.2890366896981894,0.2890366896981893,0.5780733793963788,3279162685591.6216,7282849944647.007,6.944602220430517,3.746998799039476,3.653423052427792,,,,,,,,,,,,,,,,,,,,,,,,,,
8,8,8,0.7045179207106368,0.2954820792893633,0.4090358414212733,371920189362.7813,-760743180294.7927,5.249999999998896,2.7999999999983083,2.4500000000005877,False,False,False,0.5510512433594563,0.5510512433594562,1.1021024867189126,1214542050224.9216,3316002644895.903,6.729598799345841,3.8026306683723856,3.05736814924745,,,,,,,,,,,,,,,,,,,,,,,,,,
9,9,9,0.6483001575819802,0.3516998424180197,0.2966003151639605,199911205017.65823,44270181511.24464,2.9999999999635727,1.5499999999838363,1.4499999999797355,False,False,False,0.8583020548049864,0.8583020548049863,1.716604109609973,3466024475520.934,231209069105.2872,5.787918451329225,3.106042498073039,2.7834331319041183,,,,,,,,,,,,,,,,,,,,,,,,,,
10,10,10,-0.2276255654765785,1.2276255654765786,-1.4552511309531568,-4103133776.535952,1860786538.1991737,1.1000000000322774,0.5000000000192865,0.6000000000129908,False,False,False,2.9528388533348777,2.9528388533348777,5.9056777066697554,17885145459.509186,8110980466.545236,3.0805843602743623,1.5329709717249265,1.6248076809978047,,,,,,,,,,,,,,,,,,,,,,,,,,
0,0,0,,,,,,0.0,0.0,0.0,True,True,True,,,,,,0.0,0.0,0.0,0.5387885532609777,0.4612114467390223,7.0,sbm,False,"[10, 10]","[[0.5, 0.2], [0.2, 0.5]]",0.5,20.0,58.0,37.0,21.0,cx,20.0,10.0,False,False,400.0,400.0,9.194295167922974,87549.0,37256.0,50293.0,1281646427.0,9.263118982315063,2024-11-10 23:12:47.847698
1,1,1,,,,,,0.0,0.0,0.0,True,True,True,,,,,,0.0,0.0,0.0,,,,,,,,,,,,,,,,,,,,,,,,,,
2,2,2,,,,,,0.0,0.0,0.0,True,True,True,,,,,,0.0,0.0,0.0,,,,,,,,,,,,,,,,,,,,,,,,,,
3,3,3,0.6121428571428577,0.3878571428571424,0.2242857142857152,1.4555555555555584,59323854089667.61,3.4499999999999997,2.050000000000001,1.399999999999999,False,False,False,0.3044435651376806,0.3044435651376806,0.6088871302753612,1.4200504251175543,191737611547841.2,2.13248681121361,1.5644487847162003,1.113552872566003,,,,,,,,,,,,,,,,,,,,,,,,,,
4,4,4,0.5783333333333301,0.4216666666666698,0.1566666666666603,1.098888888888877,-7736098725662.02,4.349999999999984,2.449999999999982,1.9000000000000017,False,False,False,0.3134972975251265,0.3134972975251265,0.626994595050253,0.8603717255772877,24517193237496.72,3.453621287865824,2.333988003396758,1.5459624833740329,,,,,,,,,,,,,,,,,,,,,,,,,,
5,5,5,0.5691666666666488,0.4308333333333512,0.1383333333332975,-37139059427096.05,-1818576022866.0796,6.149999999999906,3.549999999999875,2.600000000000032,False,False,False,0.2799166266966669,0.279916626696667,0.5598332533933339,161861803283785.78,5553776061184.709,5.977248530887725,3.427462618322743,3.1527765540868797,,,,,,,,,,,,,,,,,,,,,,,,,,
6,6,6,3.961378902120033,-2.961378902120033,6.922757804240066,14695031007547.52,-575172366202.2098,6.999999999999157,3.549999999999494,3.449999999999662,False,False,False,14.617876949178928,14.617876949178928,29.235753898357856,101040018548072.8,2507118219396.216,9.47628619238553,4.684815898196734,5.48155999693529,,,,,,,,,,,,,,,,,,,,,,,,,,
7,7,7,0.2276046834910609,0.7723953165089389,-0.5447906330178782,-262336453373.7284,3657419136.8268366,7.050000000003147,3.400000000001333,3.6500000000018127,False,False,False,3.173432444537187,3.173432444537187,6.346864889074374,1217773107842.992,15942320408.255922,12.15102876303146,5.190375708944664,7.30941174103692,,,,,,,,,,,,,,,,,,,,,,,,,,
8,8,8,0.5546680321327515,0.4453319678672485,0.1093360642655029,-7017715536510.474,-11439747071.5592,5.549999999980033,2.799999999987964,2.749999999992069,False,False,False,0.6012509366226558,0.6012509366226558,1.2025018732453117,30677557529824.49,49864701427.1679,12.306400773567727,5.153639490682005,7.489158831264574,,,,,,,,,,,,,,,,,,,,,,,,,,
9,9,9,0.991229056346172,0.0087709436538279,0.9824581126923444,1902161008.544536,3051953300.3186693,3.150000000049584,1.6000000000256924,1.5500000000238907,False,False,False,1.198966715775888,1.198966715775888,2.397933431551776,13208649332.419865,13303156015.203293,8.174808866324675,3.6110940170749153,4.631144566987299,,,,,,,,,,,,,,,,,,,,,,,,,,
10,10,10,2.520082698628638,-1.5200826986286378,4.040165397257276,17.157582720643767,9887141.919636508,0.949999999917478,0.3499999999519464,0.5999999999655314,False,False,False,7.532478477072125,7.532478477072125,15.06495695414425,70.09357502398703,7594751861.983477,2.871846095934543,1.3143439426982928,1.6248076808170824,,,,,,,,,,,,,,,,,,,,,,,,,,
0,0,0,,,,,,0.0,0.0,0.0,True,True,True,,,,,,0.0,0.0,0.0,0.5171699772951747,0.4828300227048253,8.0,sbm,False,"[10, 10]","[[0.5, 0.2], [0.2, 0.5]]",0.5,20.0,61.0,24.0,37.0,cx,20.0,10.0,False,False,400.0,400.0,11.272781133651732,88050.0,37312.0,50738.0,2640136520.0,11.374285221099854,2024-11-10 23:12:39.997918
1,1,1,,,,,,0.0,0.0,0.0,True,True,True,,,,,,0.0,0.0,0.0,,,,,,,,,,,,,,,,,,,,,,,,,,
2,2,2,,,,,,0.0,0.0,0.0,True,True,True,,,,,,0.0,0.0,0.0,,,,,,,,,,,,,,,,,,,,,,,,,,
3,3,3,0.6493841575091579,0.3506158424908422,0.2987683150183155,1.6077777777777795,115806847560955.92,5.1,3.150000000000001,1.9499999999999984,False,False,False,0.2869215183254422,0.2869215183254424,0.5738430366508847,1.0729134214262324,352741228122690.0,3.973663297261104,2.920188350089766,1.4654350889752836,,,,,,,,,,,,,,,,,,,,,,,,,,
4,4,4,0.4494967532467502,0.55050324675325,-0.1010064935064995,88886834750734.08,-24353320869008.6,7.349999999999989,3.749999999999983,3.600000000000005,False,False,False,0.2849218568639439,0.2849218568639439,0.5698437137278879,377114901662708.94,66064960469108.99,6.894019147057838,4.5373450386762535,2.727636339397176,,,,,,,,,,,,,,,,,,,,,,,,,,
5,5,5,0.4855892689850408,0.5144107310149592,-0.0288214620299182,-3311470314241.4707,-2139348293507.2507,10.849999999999834,5.249999999999842,5.599999999999993,False,False,False,0.2508068318693304,0.2508068318693304,0.5016136637386609,14434364454319.443,6439540874529.774,11.971946374754586,6.07350804724909,6.191930232165095,,,,,,,,,,,,,,,,,,,,,,,,,,
6,6,6,0.7021360011753138,0.2978639988246861,0.4042720023506279,27712537697819.523,0.7308373941775395,16.499999999999588,7.949999999999865,8.549999999999724,False,False,False,0.4127126135139863,0.4127126135139864,0.8254252270279728,122800476593075.4,0.6386894773237497,21.45576845512626,9.41528013390968,12.159255733802231,,,,,,,,,,,,,,,,,,,,,,,,,,
7,7,7,0.5872675033490726,0.4127324966509275,0.1745350066981448,-0.3815054304977414,192855078668.85004,20.24999999999948,9.69999999999979,10.549999999999695,False,False,False,0.4035759498136248,0.4035759498136249,0.8071518996272498,4.200967051663263,994292185733.5652,31.71888238888281,14.16368596093496,17.71574158763567,,,,,,,,,,,,,,,,,,,,,,,,,,
8,8,8,0.5286678131036409,0.471332186896359,0.0573356262072817,-376975415235.6406,75918627957.43106,17.800000000005827,8.349999999997944,9.45000000000788,False,False,False,0.3619479985672325,0.3619479985672325,0.7238959971344651,1643197739219.7014,383717396943.86017,31.50333315702182,13.550922477837442,18.51614160674488,,,,,,,,,,,,,,,,,,,,,,,,,,
9,9,9,1.5998477038586425,-0.5998477038586423,2.199695407717285,-3321361133.449891,5351145488.296285,9.399999999933652,3.9499999999832864,5.449999999950366,False,False,False,5.011464903011035,5.011464903011035,10.02292980602207,14477477530.297384,28372502937.505337,17.870086737186345,7.378854924662362,10.669934395185802,,,,,,,,,,,,,,,,,,,,,,,,,,
10,10,10,0.6518864748180125,0.3481135251819874,0.3037729496360251,4.643965629567599,0.8887272362469394,1.5000000003006075,0.7500000001085333,0.7500000001920741,False,False,False,0.3537985994664135,0.3537985994664135,0.707597198932827,34.321122890032015,0.7779783374145599,3.681032463663177,1.8940696923197693,1.94615004565368,,,,,,,,,,,,,,,,,,,,,,,,,,
0,0,0,,,,,,0.0,0.0,0.0,True,True,True,,,,,,0.0,0.0,0.0,0.5032937887296779,0.4967062112703221,9.0,sbm,False,"[10, 10]","[[0.5, 0.2], [0.2, 0.5]]",0.5,20.0,67.0,32.0,35.0,cx,20.0,10.0,False,False,400.0,400.0,13.115009784698486,90172.0,37140.0,53032.0,1846011679.0,13.195942878723145,2024-11-10 23:13:29.822463
1,1,1,,,,,,0.0,0.0,0.0,True,True,True,,,,,,0.0,0.0,0.0,,,,,,,,,,,,,,,,,,,,,,,,,,
2,2,2,,,,,,0.0,0.0,0.0,True,True,True,,,,,,0.0,0.0,0.0,,,,,,,,,,,,,,,,,,,,,,,,,,
3,3,3,0.4449560381139331,0.555043961886067,-0.1100879237721338,0.9682215007215016,1.7954365079365058,10.099999999999998,4.7,5.399999999999997,False,False,False,0.1520931185649343,0.1520931185649343,0.3041862371298687,0.6653176565407,2.0318723589664205,5.629387178015027,3.494281041931229,2.7640549922170496,,,,,,,,,,,,,,,,,,,,,,,,,,
4,4,4,0.4935211388038792,0.5064788611961208,-0.0129577223922415,1.0859410687351814,1.12624388511386,19.299999999999983,9.449999999999982,9.850000000000003,False,False,False,0.1078043920555371,0.1078043920555371,0.2156087841110742,0.5474863674318353,0.4719732532418192,15.27121475194426,7.658165576690026,8.020442631176905,,,,,,,,,,,,,,,,,,,,,,,,,,
5,5,5,0.5128589638786375,0.4871410361213625,0.0257179277572748,1.1382764827764738,1.0296908366139168,33.84999999999985,16.949999999999882,16.89999999999997,False,False,False,0.095006067486739,0.0950060674867391,0.1900121349734781,0.4610209722989119,0.4494533929955687,34.97752850045276,16.12598834180392,19.047047015219885,,,,,,,,,,,,,,,,,,,,,,,,,,
6,6,6,0.5024736269063994,0.4975263730936006,0.0049472538127987,-426881481266.40094,1.110514770362675,47.99999999999967,23.34999999999991,24.64999999999976,False,False,False,0.1361441428845476,0.1361441428845476,0.2722882857690952,1860733237713.316,0.5013596485498552,57.19877621068688,27.693455905683734,29.621402735185725,,,,,,,,,,,,,,,,,,,,,,,,,,
7,7,7,0.5514552378366084,0.4485447621633915,0.1029104756732169,22958807237.02876,0.934698572749334,51.899999999997135,26.500000000000306,25.39999999999684,False,False,False,0.1501804135510187,0.1501804135510187,0.3003608271020374,100075120604.92706,0.4728735124807264,64.90523861752867,32.2374006396229,32.90501481536844,,,,,,,,,,,,,,,,,,,,,,,,,,
8,8,8,0.5567793990029746,0.4432206009970253,0.1135587980059493,-13227207552.256512,1.1141211796746833,36.69999999998252,18.49999999999725,18.199999999985288,False,False,False,0.2416184627892815,0.2416184627892815,0.483236925578563,57656061029.3375,0.9016784393390516,50.90294686952543,25.83698898866804,25.21626459252712,,,,,,,,,,,,,,,,,,,,,,,,,,
9,9,9,0.2559121395097607,0.7440878604902392,-0.4881757209804783,0.4853123036916111,-3585843982.4960737,13.850000000057909,6.750000000042631,7.10000000001528,False,False,False,0.8053376557660974,0.8053376557660974,1.6106753115321948,1.891300042427936,13426396635.404943,20.75879331750268,10.671808656406158,10.36291464792519,,,,,,,,,,,,,,,,,,,,,,,,,,
10,10,10,0.6993491929128588,0.3006508070871412,0.3986983858257174,1.5636997549396805,0.7546429686514935,1.1499999993772596,0.7499999997264882,0.3999999996507714,False,False,False,0.5697509501173623,0.5697509501173623,1.1395019002347246,1.6114630912380148,0.4958873045416974,2.850877058281964,1.8674849398197968,1.067707825355899,,,,,,,,,,,,,,,,,,,,,,,,,,
0,0,0,,,,,,0.0,0.0,0.0,True,True,True,,,,,,0.0,0.0,0.0,0.4764936916037596,0.5235063083962402,10.0,sbm,False,"[10, 10]","[[0.5, 0.2], [0.2, 0.5]]",0.5,20.0,66.0,31.0,35.0,cx,20.0,10.0,False,False,400.0,400.0,12.656313180923462,89912.0,37368.0,52544.0,2548891259.0,12.742848634719849,2024-11-10 23:13:00.657956
1,1,1,,,,,,0.0,0.0,0.0,True,True,True,,,,,,0.0,0.0,0.0,,,,,,,,,,,,,,,,,,,,,,,,,,
2,2,2,,,,,,0.0,0.0,0.0,True,True,True,,,,,,0.0,0.0,0.0,,,,,,,,,,,,,,,,,,,,,,,,,,
3,3,3,0.3845833333333338,0.6154166666666663,-0.2308333333333322,0.7201754385964925,296928504843790.94,5.449999999999998,2.200000000000001,3.249999999999998,False,False,False,0.2517201240134233,0.2517201240134233,0.5034402480268467,0.5766554848162527,701886771442974.4,2.991237202229203,1.964688270438849,1.5771810295587492,,,,,,,,,,,,,,,,,,,,,,,,,,
4,4,4,0.5448336940836922,0.4551663059163077,0.0896673881673845,1.3893065998329044,1.0628350815850924,8.999999999999988,4.649999999999979,4.350000000000009,False,False,False,0.1847473022966485,0.1847473022966485,0.369494604593297,0.9830860425917952,0.725311936523862,6.549809157525131,3.380458548777074,3.5535193822462885,,,,,,,,,,,,,,,,,,,,,,,,,,
5,5,5,0.495570263070255,0.504429736929745,-0.0088594738594899,1.1284050450354577,1.1575425685426188,14.249999999999948,6.699999999999898,7.550000000000051,False,False,False,0.1234401983671153,0.1234401983671153,0.2468803967342306,0.6276893633141294,0.5859968597282215,13.15247125068141,6.23778806950029,7.179658766264625,,,,,,,,,,,,,,,,,,,,,,,,,,
6,6,6,0.4992536199164464,0.5007463800835535,-0.0014927601671069,7275412533625.852,430280219176.5612,19.14999999999868,9.69999999999905,9.44999999999963,False,False,False,0.2104701282374842,0.2104701282374842,0.4209402564749684,30635900713848.81,1875547992790.4192,24.18113934453745,13.65686640485209,10.641780866001238,,,,,,,,,,,,,,,,,,,,,,,,,,
7,7,7,0.733117619952898,0.2668823800471019,0.4662352399057963,106979904059.01836,0.6897421150887765,21.30000000000433,10.950000000001378,10.350000000002948,False,False,False,0.5694168145162947,0.5694168145162947,1.1388336290325896,382325289255.912,0.5272631471721999,38.07768375309209,18.39966032295468,19.738984269717037,,,,,,,,,,,,,,,,,,,,,,,,,,
8,8,8,0.444723497874668,0.5552765021253319,-0.1105530042506637,1.229443349764891,-87153820680.8135,19.449999999980363,9.399999999980954,10.04999999999941,False,False,False,0.3949878412933557,0.3949878412933557,0.7899756825867114,3.0916500025193328,385807722306.1496,45.3844411664922,22.79780691203036,22.61078282588153,,,,,,,,,,,,,,,,,,,,,,,,,,
9,9,9,1.8769442833731385,-0.8769442833731376,2.7538885667462747,1310893148.1860914,-902742067.0444832,11.90000000003944,5.550000000023564,6.350000000015875,False,False,False,13.954347448419137,13.95434744841914,27.90869489683828,5714050757.397232,3934961445.3560624,35.22342970258371,16.104269620314298,19.139683905499997,,,,,,,,,,,,,,,,,,,,,,,,,,
10,10,10,0.4654580904307362,0.5345419095692637,-0.0690838191385274,-1688331877.3652828,-1038806379.7561471,4.049999999926979,2.149999999931771,1.8999999999952089,False,False,False,0.5065100054566541,0.5065100054566541,1.0130200109133085,5189470841.551998,4528052032.5067,14.08713952486414,7.15034964159553,6.963476143380507,,,,,,,,,,,,,,,,,,,,,,,,,,
